Created by PLY version 3.11 (http://www.dabeaz.com/ply)

Grammar

Rule 0     S' -> programa
Rule 1     programa -> TkCreate bot_list TkExecute statement_list TkEnd
Rule 2     programa -> TkExecute statement_list TkEnd
Rule 3     bot_list -> bot_list bot_def
Rule 4     bot_list -> bot_def
Rule 5     bot_def -> tipo TkBot var_id_list on_list TkEnd
Rule 6     bot_def -> tipo TkBot var_id_list TkEnd
Rule 7     tipo -> TkInt
Rule 8     tipo -> TkBool
Rule 9     tipo -> TkChar
Rule 10    var_id_list -> var_id_list TkComa TkIdent
Rule 11    var_id_list -> TkIdent
Rule 12    on_list -> on_list statement_on
Rule 13    on_list -> statement_on
Rule 14    expression -> expression TkSuma expression
Rule 15    expression -> expression TkResta expression
Rule 16    expression -> expression TkMult expression
Rule 17    expression -> expression TkDiv expression
Rule 18    expression -> expression TkMod expression
Rule 19    expression -> expression TkMenor expression
Rule 20    expression -> expression TkMenorIgual expression
Rule 21    expression -> expression TkMayor expression
Rule 22    expression -> expression TkMayorIgual expression
Rule 23    expression -> expression TkIgual expression
Rule 24    expression -> expression TkDesigualdad expression
Rule 25    expression -> expression TkConjuncion expression
Rule 26    expression -> expression TkDisyuncion expression
Rule 27    expression -> TkNegacion expression
Rule 28    expression -> TkResta expression
Rule 29    expression -> TkParAbre expression TkParCierra
Rule 30    statement -> TkIf expression TkDosPuntos statement_list TkEnd
Rule 31    statement -> TkIf expression TkDosPuntos statement_list TkElse statement_list TkEnd
Rule 32    statement -> TkWhile expression TkDosPuntos statement_list TkEnd
Rule 33    statement_on -> TkOn TkActivation TkDosPuntos statement_list TkEnd
Rule 34    statement_on -> TkOn TkDeactivation TkDosPuntos statement_list TkEnd
Rule 35    statement_on -> TkOn TkDeactivate TkDosPuntos statement_list TkEnd
Rule 36    statement_on -> TkOn expression TkDosPuntos statement_list TkEnd
Rule 37    statement_on -> TkOn TkDefault TkDosPuntos statement_list TkEnd
Rule 38    statement_list -> statement_list statement
Rule 39    statement_list -> statement
Rule 40    statement -> TkActivate var_list TkPunto
Rule 41    statement -> TkDeactivate var_list TkPunto
Rule 42    statement -> TkAdvance var_list TkPunto
Rule 43    statement -> TkSend TkPunto
Rule 44    statement -> TkRead TkPunto
Rule 45    statement -> TkRead TkAs TkIdent TkPunto
Rule 46    statement -> TkCollect TkPunto
Rule 47    statement -> TkCollect TkAs TkIdent TkPunto
Rule 48    statement -> TkDrop expression TkPunto
Rule 49    statement -> TkLeft TkPunto
Rule 50    statement -> TkRight TkPunto
Rule 51    statement -> TkUp TkPunto
Rule 52    statement -> TkDown TkPunto
Rule 53    statement -> TkLeft expression TkPunto
Rule 54    statement -> TkRight expression TkPunto
Rule 55    statement -> TkUp expression TkPunto
Rule 56    statement -> TkDown expression TkPunto
Rule 57    statement -> TkStore expression TkPunto
Rule 58    var_list -> var_list TkComa expression
Rule 59    var_list -> expression
Rule 60    expression -> TkIdent
Rule 61    expression -> TkNum
Rule 62    expression -> TkCaracter
Rule 63    expression -> TkTrue
Rule 64    expression -> TkFalse

Terminals, with rules where they appear

TkActivate           : 40
TkActivation         : 33
TkAdvance            : 42
TkAs                 : 45 47
TkBool               : 8
TkBot                : 5 6
TkCaracter           : 62
TkChar               : 9
TkCollect            : 46 47
TkComa               : 10 58
TkConjuncion         : 25
TkCreate             : 1
TkDeactivate         : 35 41
TkDeactivation       : 34
TkDefault            : 37
TkDesigualdad        : 24
TkDisyuncion         : 26
TkDiv                : 17
TkDosPuntos          : 30 31 32 33 34 35 36 37
TkDown               : 52 56
TkDrop               : 48
TkElse               : 31
TkEnd                : 1 2 5 6 30 31 32 33 34 35 36 37
TkExecute            : 1 2
TkFalse              : 64
TkIdent              : 10 11 45 47 60
TkIf                 : 30 31
TkIgual              : 23
TkInt                : 7
TkLeft               : 49 53
TkMayor              : 21
TkMayorIgual         : 22
TkMenor              : 19
TkMenorIgual         : 20
TkMod                : 18
TkMult               : 16
TkNegacion           : 27
TkNum                : 61
TkOn                 : 33 34 35 36 37
TkParAbre            : 29
TkParCierra          : 29
TkPunto              : 40 41 42 43 44 45 46 47 48 49 50 51 52 53 54 55 56 57
TkRead               : 44 45
TkResta              : 15 28
TkRight              : 50 54
TkSend               : 43
TkStore              : 57
TkSuma               : 14
TkTrue               : 63
TkUp                 : 51 55
TkWhile              : 32
error                : 

Nonterminals, with rules where they appear

bot_def              : 3 4
bot_list             : 1 3
expression           : 14 14 15 15 16 16 17 17 18 18 19 19 20 20 21 21 22 22 23 23 24 24 25 25 26 26 27 28 29 30 31 32 36 48 53 54 55 56 57 58 59
on_list              : 5 12
programa             : 0
statement            : 38 39
statement_list       : 1 2 30 31 31 32 33 34 35 36 37 38
statement_on         : 12 13
tipo                 : 5 6
var_id_list          : 5 6 10
var_list             : 40 41 42 58

Parsing method: LALR

state 0

    (0) S' -> . programa
    (1) programa -> . TkCreate bot_list TkExecute statement_list TkEnd
    (2) programa -> . TkExecute statement_list TkEnd

    TkCreate        shift and go to state 2
    TkExecute       shift and go to state 3

    programa                       shift and go to state 1

state 1

    (0) S' -> programa .



state 2

    (1) programa -> TkCreate . bot_list TkExecute statement_list TkEnd
    (3) bot_list -> . bot_list bot_def
    (4) bot_list -> . bot_def
    (5) bot_def -> . tipo TkBot var_id_list on_list TkEnd
    (6) bot_def -> . tipo TkBot var_id_list TkEnd
    (7) tipo -> . TkInt
    (8) tipo -> . TkBool
    (9) tipo -> . TkChar

    TkInt           shift and go to state 7
    TkBool          shift and go to state 8
    TkChar          shift and go to state 9

    bot_list                       shift and go to state 4
    bot_def                        shift and go to state 5
    tipo                           shift and go to state 6

state 3

    (2) programa -> TkExecute . statement_list TkEnd
    (38) statement_list -> . statement_list statement
    (39) statement_list -> . statement
    (30) statement -> . TkIf expression TkDosPuntos statement_list TkEnd
    (31) statement -> . TkIf expression TkDosPuntos statement_list TkElse statement_list TkEnd
    (32) statement -> . TkWhile expression TkDosPuntos statement_list TkEnd
    (40) statement -> . TkActivate var_list TkPunto
    (41) statement -> . TkDeactivate var_list TkPunto
    (42) statement -> . TkAdvance var_list TkPunto
    (43) statement -> . TkSend TkPunto
    (44) statement -> . TkRead TkPunto
    (45) statement -> . TkRead TkAs TkIdent TkPunto
    (46) statement -> . TkCollect TkPunto
    (47) statement -> . TkCollect TkAs TkIdent TkPunto
    (48) statement -> . TkDrop expression TkPunto
    (49) statement -> . TkLeft TkPunto
    (50) statement -> . TkRight TkPunto
    (51) statement -> . TkUp TkPunto
    (52) statement -> . TkDown TkPunto
    (53) statement -> . TkLeft expression TkPunto
    (54) statement -> . TkRight expression TkPunto
    (55) statement -> . TkUp expression TkPunto
    (56) statement -> . TkDown expression TkPunto
    (57) statement -> . TkStore expression TkPunto

    TkIf            shift and go to state 12
    TkWhile         shift and go to state 13
    TkActivate      shift and go to state 14
    TkDeactivate    shift and go to state 15
    TkAdvance       shift and go to state 16
    TkSend          shift and go to state 17
    TkRead          shift and go to state 18
    TkCollect       shift and go to state 19
    TkDrop          shift and go to state 20
    TkLeft          shift and go to state 21
    TkRight         shift and go to state 22
    TkUp            shift and go to state 23
    TkDown          shift and go to state 24
    TkStore         shift and go to state 25

    statement_list                 shift and go to state 10
    statement                      shift and go to state 11

state 4

    (1) programa -> TkCreate bot_list . TkExecute statement_list TkEnd
    (3) bot_list -> bot_list . bot_def
    (5) bot_def -> . tipo TkBot var_id_list on_list TkEnd
    (6) bot_def -> . tipo TkBot var_id_list TkEnd
    (7) tipo -> . TkInt
    (8) tipo -> . TkBool
    (9) tipo -> . TkChar

    TkExecute       shift and go to state 26
    TkInt           shift and go to state 7
    TkBool          shift and go to state 8
    TkChar          shift and go to state 9

    bot_def                        shift and go to state 27
    tipo                           shift and go to state 6

state 5

    (4) bot_list -> bot_def .

    TkExecute       reduce using rule 4 (bot_list -> bot_def .)
    TkInt           reduce using rule 4 (bot_list -> bot_def .)
    TkBool          reduce using rule 4 (bot_list -> bot_def .)
    TkChar          reduce using rule 4 (bot_list -> bot_def .)


state 6

    (5) bot_def -> tipo . TkBot var_id_list on_list TkEnd
    (6) bot_def -> tipo . TkBot var_id_list TkEnd

    TkBot           shift and go to state 28


state 7

    (7) tipo -> TkInt .

    TkBot           reduce using rule 7 (tipo -> TkInt .)


state 8

    (8) tipo -> TkBool .

    TkBot           reduce using rule 8 (tipo -> TkBool .)


state 9

    (9) tipo -> TkChar .

    TkBot           reduce using rule 9 (tipo -> TkChar .)


state 10

    (2) programa -> TkExecute statement_list . TkEnd
    (38) statement_list -> statement_list . statement
    (30) statement -> . TkIf expression TkDosPuntos statement_list TkEnd
    (31) statement -> . TkIf expression TkDosPuntos statement_list TkElse statement_list TkEnd
    (32) statement -> . TkWhile expression TkDosPuntos statement_list TkEnd
    (40) statement -> . TkActivate var_list TkPunto
    (41) statement -> . TkDeactivate var_list TkPunto
    (42) statement -> . TkAdvance var_list TkPunto
    (43) statement -> . TkSend TkPunto
    (44) statement -> . TkRead TkPunto
    (45) statement -> . TkRead TkAs TkIdent TkPunto
    (46) statement -> . TkCollect TkPunto
    (47) statement -> . TkCollect TkAs TkIdent TkPunto
    (48) statement -> . TkDrop expression TkPunto
    (49) statement -> . TkLeft TkPunto
    (50) statement -> . TkRight TkPunto
    (51) statement -> . TkUp TkPunto
    (52) statement -> . TkDown TkPunto
    (53) statement -> . TkLeft expression TkPunto
    (54) statement -> . TkRight expression TkPunto
    (55) statement -> . TkUp expression TkPunto
    (56) statement -> . TkDown expression TkPunto
    (57) statement -> . TkStore expression TkPunto

    TkEnd           shift and go to state 29
    TkIf            shift and go to state 12
    TkWhile         shift and go to state 13
    TkActivate      shift and go to state 14
    TkDeactivate    shift and go to state 15
    TkAdvance       shift and go to state 16
    TkSend          shift and go to state 17
    TkRead          shift and go to state 18
    TkCollect       shift and go to state 19
    TkDrop          shift and go to state 20
    TkLeft          shift and go to state 21
    TkRight         shift and go to state 22
    TkUp            shift and go to state 23
    TkDown          shift and go to state 24
    TkStore         shift and go to state 25

    statement                      shift and go to state 30

state 11

    (39) statement_list -> statement .

    TkEnd           reduce using rule 39 (statement_list -> statement .)
    TkIf            reduce using rule 39 (statement_list -> statement .)
    TkWhile         reduce using rule 39 (statement_list -> statement .)
    TkActivate      reduce using rule 39 (statement_list -> statement .)
    TkDeactivate    reduce using rule 39 (statement_list -> statement .)
    TkAdvance       reduce using rule 39 (statement_list -> statement .)
    TkSend          reduce using rule 39 (statement_list -> statement .)
    TkRead          reduce using rule 39 (statement_list -> statement .)
    TkCollect       reduce using rule 39 (statement_list -> statement .)
    TkDrop          reduce using rule 39 (statement_list -> statement .)
    TkLeft          reduce using rule 39 (statement_list -> statement .)
    TkRight         reduce using rule 39 (statement_list -> statement .)
    TkUp            reduce using rule 39 (statement_list -> statement .)
    TkDown          reduce using rule 39 (statement_list -> statement .)
    TkStore         reduce using rule 39 (statement_list -> statement .)
    TkElse          reduce using rule 39 (statement_list -> statement .)


state 12

    (30) statement -> TkIf . expression TkDosPuntos statement_list TkEnd
    (31) statement -> TkIf . expression TkDosPuntos statement_list TkElse statement_list TkEnd
    (14) expression -> . expression TkSuma expression
    (15) expression -> . expression TkResta expression
    (16) expression -> . expression TkMult expression
    (17) expression -> . expression TkDiv expression
    (18) expression -> . expression TkMod expression
    (19) expression -> . expression TkMenor expression
    (20) expression -> . expression TkMenorIgual expression
    (21) expression -> . expression TkMayor expression
    (22) expression -> . expression TkMayorIgual expression
    (23) expression -> . expression TkIgual expression
    (24) expression -> . expression TkDesigualdad expression
    (25) expression -> . expression TkConjuncion expression
    (26) expression -> . expression TkDisyuncion expression
    (27) expression -> . TkNegacion expression
    (28) expression -> . TkResta expression
    (29) expression -> . TkParAbre expression TkParCierra
    (60) expression -> . TkIdent
    (61) expression -> . TkNum
    (62) expression -> . TkCaracter
    (63) expression -> . TkTrue
    (64) expression -> . TkFalse

    TkNegacion      shift and go to state 33
    TkResta         shift and go to state 32
    TkParAbre       shift and go to state 34
    TkIdent         shift and go to state 35
    TkNum           shift and go to state 36
    TkCaracter      shift and go to state 37
    TkTrue          shift and go to state 38
    TkFalse         shift and go to state 39

    expression                     shift and go to state 31

state 13

    (32) statement -> TkWhile . expression TkDosPuntos statement_list TkEnd
    (14) expression -> . expression TkSuma expression
    (15) expression -> . expression TkResta expression
    (16) expression -> . expression TkMult expression
    (17) expression -> . expression TkDiv expression
    (18) expression -> . expression TkMod expression
    (19) expression -> . expression TkMenor expression
    (20) expression -> . expression TkMenorIgual expression
    (21) expression -> . expression TkMayor expression
    (22) expression -> . expression TkMayorIgual expression
    (23) expression -> . expression TkIgual expression
    (24) expression -> . expression TkDesigualdad expression
    (25) expression -> . expression TkConjuncion expression
    (26) expression -> . expression TkDisyuncion expression
    (27) expression -> . TkNegacion expression
    (28) expression -> . TkResta expression
    (29) expression -> . TkParAbre expression TkParCierra
    (60) expression -> . TkIdent
    (61) expression -> . TkNum
    (62) expression -> . TkCaracter
    (63) expression -> . TkTrue
    (64) expression -> . TkFalse

    TkNegacion      shift and go to state 33
    TkResta         shift and go to state 32
    TkParAbre       shift and go to state 34
    TkIdent         shift and go to state 35
    TkNum           shift and go to state 36
    TkCaracter      shift and go to state 37
    TkTrue          shift and go to state 38
    TkFalse         shift and go to state 39

    expression                     shift and go to state 40

state 14

    (40) statement -> TkActivate . var_list TkPunto
    (58) var_list -> . var_list TkComa expression
    (59) var_list -> . expression
    (14) expression -> . expression TkSuma expression
    (15) expression -> . expression TkResta expression
    (16) expression -> . expression TkMult expression
    (17) expression -> . expression TkDiv expression
    (18) expression -> . expression TkMod expression
    (19) expression -> . expression TkMenor expression
    (20) expression -> . expression TkMenorIgual expression
    (21) expression -> . expression TkMayor expression
    (22) expression -> . expression TkMayorIgual expression
    (23) expression -> . expression TkIgual expression
    (24) expression -> . expression TkDesigualdad expression
    (25) expression -> . expression TkConjuncion expression
    (26) expression -> . expression TkDisyuncion expression
    (27) expression -> . TkNegacion expression
    (28) expression -> . TkResta expression
    (29) expression -> . TkParAbre expression TkParCierra
    (60) expression -> . TkIdent
    (61) expression -> . TkNum
    (62) expression -> . TkCaracter
    (63) expression -> . TkTrue
    (64) expression -> . TkFalse

    TkNegacion      shift and go to state 33
    TkResta         shift and go to state 32
    TkParAbre       shift and go to state 34
    TkIdent         shift and go to state 35
    TkNum           shift and go to state 36
    TkCaracter      shift and go to state 37
    TkTrue          shift and go to state 38
    TkFalse         shift and go to state 39

    var_list                       shift and go to state 41
    expression                     shift and go to state 42

state 15

    (41) statement -> TkDeactivate . var_list TkPunto
    (58) var_list -> . var_list TkComa expression
    (59) var_list -> . expression
    (14) expression -> . expression TkSuma expression
    (15) expression -> . expression TkResta expression
    (16) expression -> . expression TkMult expression
    (17) expression -> . expression TkDiv expression
    (18) expression -> . expression TkMod expression
    (19) expression -> . expression TkMenor expression
    (20) expression -> . expression TkMenorIgual expression
    (21) expression -> . expression TkMayor expression
    (22) expression -> . expression TkMayorIgual expression
    (23) expression -> . expression TkIgual expression
    (24) expression -> . expression TkDesigualdad expression
    (25) expression -> . expression TkConjuncion expression
    (26) expression -> . expression TkDisyuncion expression
    (27) expression -> . TkNegacion expression
    (28) expression -> . TkResta expression
    (29) expression -> . TkParAbre expression TkParCierra
    (60) expression -> . TkIdent
    (61) expression -> . TkNum
    (62) expression -> . TkCaracter
    (63) expression -> . TkTrue
    (64) expression -> . TkFalse

    TkNegacion      shift and go to state 33
    TkResta         shift and go to state 32
    TkParAbre       shift and go to state 34
    TkIdent         shift and go to state 35
    TkNum           shift and go to state 36
    TkCaracter      shift and go to state 37
    TkTrue          shift and go to state 38
    TkFalse         shift and go to state 39

    var_list                       shift and go to state 43
    expression                     shift and go to state 42

state 16

    (42) statement -> TkAdvance . var_list TkPunto
    (58) var_list -> . var_list TkComa expression
    (59) var_list -> . expression
    (14) expression -> . expression TkSuma expression
    (15) expression -> . expression TkResta expression
    (16) expression -> . expression TkMult expression
    (17) expression -> . expression TkDiv expression
    (18) expression -> . expression TkMod expression
    (19) expression -> . expression TkMenor expression
    (20) expression -> . expression TkMenorIgual expression
    (21) expression -> . expression TkMayor expression
    (22) expression -> . expression TkMayorIgual expression
    (23) expression -> . expression TkIgual expression
    (24) expression -> . expression TkDesigualdad expression
    (25) expression -> . expression TkConjuncion expression
    (26) expression -> . expression TkDisyuncion expression
    (27) expression -> . TkNegacion expression
    (28) expression -> . TkResta expression
    (29) expression -> . TkParAbre expression TkParCierra
    (60) expression -> . TkIdent
    (61) expression -> . TkNum
    (62) expression -> . TkCaracter
    (63) expression -> . TkTrue
    (64) expression -> . TkFalse

    TkNegacion      shift and go to state 33
    TkResta         shift and go to state 32
    TkParAbre       shift and go to state 34
    TkIdent         shift and go to state 35
    TkNum           shift and go to state 36
    TkCaracter      shift and go to state 37
    TkTrue          shift and go to state 38
    TkFalse         shift and go to state 39

    var_list                       shift and go to state 44
    expression                     shift and go to state 42

state 17

    (43) statement -> TkSend . TkPunto

    TkPunto         shift and go to state 45


state 18

    (44) statement -> TkRead . TkPunto
    (45) statement -> TkRead . TkAs TkIdent TkPunto

    TkPunto         shift and go to state 46
    TkAs            shift and go to state 47


state 19

    (46) statement -> TkCollect . TkPunto
    (47) statement -> TkCollect . TkAs TkIdent TkPunto

    TkPunto         shift and go to state 48
    TkAs            shift and go to state 49


state 20

    (48) statement -> TkDrop . expression TkPunto
    (14) expression -> . expression TkSuma expression
    (15) expression -> . expression TkResta expression
    (16) expression -> . expression TkMult expression
    (17) expression -> . expression TkDiv expression
    (18) expression -> . expression TkMod expression
    (19) expression -> . expression TkMenor expression
    (20) expression -> . expression TkMenorIgual expression
    (21) expression -> . expression TkMayor expression
    (22) expression -> . expression TkMayorIgual expression
    (23) expression -> . expression TkIgual expression
    (24) expression -> . expression TkDesigualdad expression
    (25) expression -> . expression TkConjuncion expression
    (26) expression -> . expression TkDisyuncion expression
    (27) expression -> . TkNegacion expression
    (28) expression -> . TkResta expression
    (29) expression -> . TkParAbre expression TkParCierra
    (60) expression -> . TkIdent
    (61) expression -> . TkNum
    (62) expression -> . TkCaracter
    (63) expression -> . TkTrue
    (64) expression -> . TkFalse

    TkNegacion      shift and go to state 33
    TkResta         shift and go to state 32
    TkParAbre       shift and go to state 34
    TkIdent         shift and go to state 35
    TkNum           shift and go to state 36
    TkCaracter      shift and go to state 37
    TkTrue          shift and go to state 38
    TkFalse         shift and go to state 39

    expression                     shift and go to state 50

state 21

    (49) statement -> TkLeft . TkPunto
    (53) statement -> TkLeft . expression TkPunto
    (14) expression -> . expression TkSuma expression
    (15) expression -> . expression TkResta expression
    (16) expression -> . expression TkMult expression
    (17) expression -> . expression TkDiv expression
    (18) expression -> . expression TkMod expression
    (19) expression -> . expression TkMenor expression
    (20) expression -> . expression TkMenorIgual expression
    (21) expression -> . expression TkMayor expression
    (22) expression -> . expression TkMayorIgual expression
    (23) expression -> . expression TkIgual expression
    (24) expression -> . expression TkDesigualdad expression
    (25) expression -> . expression TkConjuncion expression
    (26) expression -> . expression TkDisyuncion expression
    (27) expression -> . TkNegacion expression
    (28) expression -> . TkResta expression
    (29) expression -> . TkParAbre expression TkParCierra
    (60) expression -> . TkIdent
    (61) expression -> . TkNum
    (62) expression -> . TkCaracter
    (63) expression -> . TkTrue
    (64) expression -> . TkFalse

    TkPunto         shift and go to state 51
    TkNegacion      shift and go to state 33
    TkResta         shift and go to state 32
    TkParAbre       shift and go to state 34
    TkIdent         shift and go to state 35
    TkNum           shift and go to state 36
    TkCaracter      shift and go to state 37
    TkTrue          shift and go to state 38
    TkFalse         shift and go to state 39

    expression                     shift and go to state 52

state 22

    (50) statement -> TkRight . TkPunto
    (54) statement -> TkRight . expression TkPunto
    (14) expression -> . expression TkSuma expression
    (15) expression -> . expression TkResta expression
    (16) expression -> . expression TkMult expression
    (17) expression -> . expression TkDiv expression
    (18) expression -> . expression TkMod expression
    (19) expression -> . expression TkMenor expression
    (20) expression -> . expression TkMenorIgual expression
    (21) expression -> . expression TkMayor expression
    (22) expression -> . expression TkMayorIgual expression
    (23) expression -> . expression TkIgual expression
    (24) expression -> . expression TkDesigualdad expression
    (25) expression -> . expression TkConjuncion expression
    (26) expression -> . expression TkDisyuncion expression
    (27) expression -> . TkNegacion expression
    (28) expression -> . TkResta expression
    (29) expression -> . TkParAbre expression TkParCierra
    (60) expression -> . TkIdent
    (61) expression -> . TkNum
    (62) expression -> . TkCaracter
    (63) expression -> . TkTrue
    (64) expression -> . TkFalse

    TkPunto         shift and go to state 53
    TkNegacion      shift and go to state 33
    TkResta         shift and go to state 32
    TkParAbre       shift and go to state 34
    TkIdent         shift and go to state 35
    TkNum           shift and go to state 36
    TkCaracter      shift and go to state 37
    TkTrue          shift and go to state 38
    TkFalse         shift and go to state 39

    expression                     shift and go to state 54

state 23

    (51) statement -> TkUp . TkPunto
    (55) statement -> TkUp . expression TkPunto
    (14) expression -> . expression TkSuma expression
    (15) expression -> . expression TkResta expression
    (16) expression -> . expression TkMult expression
    (17) expression -> . expression TkDiv expression
    (18) expression -> . expression TkMod expression
    (19) expression -> . expression TkMenor expression
    (20) expression -> . expression TkMenorIgual expression
    (21) expression -> . expression TkMayor expression
    (22) expression -> . expression TkMayorIgual expression
    (23) expression -> . expression TkIgual expression
    (24) expression -> . expression TkDesigualdad expression
    (25) expression -> . expression TkConjuncion expression
    (26) expression -> . expression TkDisyuncion expression
    (27) expression -> . TkNegacion expression
    (28) expression -> . TkResta expression
    (29) expression -> . TkParAbre expression TkParCierra
    (60) expression -> . TkIdent
    (61) expression -> . TkNum
    (62) expression -> . TkCaracter
    (63) expression -> . TkTrue
    (64) expression -> . TkFalse

    TkPunto         shift and go to state 55
    TkNegacion      shift and go to state 33
    TkResta         shift and go to state 32
    TkParAbre       shift and go to state 34
    TkIdent         shift and go to state 35
    TkNum           shift and go to state 36
    TkCaracter      shift and go to state 37
    TkTrue          shift and go to state 38
    TkFalse         shift and go to state 39

    expression                     shift and go to state 56

state 24

    (52) statement -> TkDown . TkPunto
    (56) statement -> TkDown . expression TkPunto
    (14) expression -> . expression TkSuma expression
    (15) expression -> . expression TkResta expression
    (16) expression -> . expression TkMult expression
    (17) expression -> . expression TkDiv expression
    (18) expression -> . expression TkMod expression
    (19) expression -> . expression TkMenor expression
    (20) expression -> . expression TkMenorIgual expression
    (21) expression -> . expression TkMayor expression
    (22) expression -> . expression TkMayorIgual expression
    (23) expression -> . expression TkIgual expression
    (24) expression -> . expression TkDesigualdad expression
    (25) expression -> . expression TkConjuncion expression
    (26) expression -> . expression TkDisyuncion expression
    (27) expression -> . TkNegacion expression
    (28) expression -> . TkResta expression
    (29) expression -> . TkParAbre expression TkParCierra
    (60) expression -> . TkIdent
    (61) expression -> . TkNum
    (62) expression -> . TkCaracter
    (63) expression -> . TkTrue
    (64) expression -> . TkFalse

    TkPunto         shift and go to state 57
    TkNegacion      shift and go to state 33
    TkResta         shift and go to state 32
    TkParAbre       shift and go to state 34
    TkIdent         shift and go to state 35
    TkNum           shift and go to state 36
    TkCaracter      shift and go to state 37
    TkTrue          shift and go to state 38
    TkFalse         shift and go to state 39

    expression                     shift and go to state 58

state 25

    (57) statement -> TkStore . expression TkPunto
    (14) expression -> . expression TkSuma expression
    (15) expression -> . expression TkResta expression
    (16) expression -> . expression TkMult expression
    (17) expression -> . expression TkDiv expression
    (18) expression -> . expression TkMod expression
    (19) expression -> . expression TkMenor expression
    (20) expression -> . expression TkMenorIgual expression
    (21) expression -> . expression TkMayor expression
    (22) expression -> . expression TkMayorIgual expression
    (23) expression -> . expression TkIgual expression
    (24) expression -> . expression TkDesigualdad expression
    (25) expression -> . expression TkConjuncion expression
    (26) expression -> . expression TkDisyuncion expression
    (27) expression -> . TkNegacion expression
    (28) expression -> . TkResta expression
    (29) expression -> . TkParAbre expression TkParCierra
    (60) expression -> . TkIdent
    (61) expression -> . TkNum
    (62) expression -> . TkCaracter
    (63) expression -> . TkTrue
    (64) expression -> . TkFalse

    TkNegacion      shift and go to state 33
    TkResta         shift and go to state 32
    TkParAbre       shift and go to state 34
    TkIdent         shift and go to state 35
    TkNum           shift and go to state 36
    TkCaracter      shift and go to state 37
    TkTrue          shift and go to state 38
    TkFalse         shift and go to state 39

    expression                     shift and go to state 59

state 26

    (1) programa -> TkCreate bot_list TkExecute . statement_list TkEnd
    (38) statement_list -> . statement_list statement
    (39) statement_list -> . statement
    (30) statement -> . TkIf expression TkDosPuntos statement_list TkEnd
    (31) statement -> . TkIf expression TkDosPuntos statement_list TkElse statement_list TkEnd
    (32) statement -> . TkWhile expression TkDosPuntos statement_list TkEnd
    (40) statement -> . TkActivate var_list TkPunto
    (41) statement -> . TkDeactivate var_list TkPunto
    (42) statement -> . TkAdvance var_list TkPunto
    (43) statement -> . TkSend TkPunto
    (44) statement -> . TkRead TkPunto
    (45) statement -> . TkRead TkAs TkIdent TkPunto
    (46) statement -> . TkCollect TkPunto
    (47) statement -> . TkCollect TkAs TkIdent TkPunto
    (48) statement -> . TkDrop expression TkPunto
    (49) statement -> . TkLeft TkPunto
    (50) statement -> . TkRight TkPunto
    (51) statement -> . TkUp TkPunto
    (52) statement -> . TkDown TkPunto
    (53) statement -> . TkLeft expression TkPunto
    (54) statement -> . TkRight expression TkPunto
    (55) statement -> . TkUp expression TkPunto
    (56) statement -> . TkDown expression TkPunto
    (57) statement -> . TkStore expression TkPunto

    TkIf            shift and go to state 12
    TkWhile         shift and go to state 13
    TkActivate      shift and go to state 14
    TkDeactivate    shift and go to state 15
    TkAdvance       shift and go to state 16
    TkSend          shift and go to state 17
    TkRead          shift and go to state 18
    TkCollect       shift and go to state 19
    TkDrop          shift and go to state 20
    TkLeft          shift and go to state 21
    TkRight         shift and go to state 22
    TkUp            shift and go to state 23
    TkDown          shift and go to state 24
    TkStore         shift and go to state 25

    statement_list                 shift and go to state 60
    statement                      shift and go to state 11

state 27

    (3) bot_list -> bot_list bot_def .

    TkExecute       reduce using rule 3 (bot_list -> bot_list bot_def .)
    TkInt           reduce using rule 3 (bot_list -> bot_list bot_def .)
    TkBool          reduce using rule 3 (bot_list -> bot_list bot_def .)
    TkChar          reduce using rule 3 (bot_list -> bot_list bot_def .)


state 28

    (5) bot_def -> tipo TkBot . var_id_list on_list TkEnd
    (6) bot_def -> tipo TkBot . var_id_list TkEnd
    (10) var_id_list -> . var_id_list TkComa TkIdent
    (11) var_id_list -> . TkIdent

    TkIdent         shift and go to state 62

    var_id_list                    shift and go to state 61

state 29

    (2) programa -> TkExecute statement_list TkEnd .

    $end            reduce using rule 2 (programa -> TkExecute statement_list TkEnd .)


state 30

    (38) statement_list -> statement_list statement .

    TkEnd           reduce using rule 38 (statement_list -> statement_list statement .)
    TkIf            reduce using rule 38 (statement_list -> statement_list statement .)
    TkWhile         reduce using rule 38 (statement_list -> statement_list statement .)
    TkActivate      reduce using rule 38 (statement_list -> statement_list statement .)
    TkDeactivate    reduce using rule 38 (statement_list -> statement_list statement .)
    TkAdvance       reduce using rule 38 (statement_list -> statement_list statement .)
    TkSend          reduce using rule 38 (statement_list -> statement_list statement .)
    TkRead          reduce using rule 38 (statement_list -> statement_list statement .)
    TkCollect       reduce using rule 38 (statement_list -> statement_list statement .)
    TkDrop          reduce using rule 38 (statement_list -> statement_list statement .)
    TkLeft          reduce using rule 38 (statement_list -> statement_list statement .)
    TkRight         reduce using rule 38 (statement_list -> statement_list statement .)
    TkUp            reduce using rule 38 (statement_list -> statement_list statement .)
    TkDown          reduce using rule 38 (statement_list -> statement_list statement .)
    TkStore         reduce using rule 38 (statement_list -> statement_list statement .)
    TkElse          reduce using rule 38 (statement_list -> statement_list statement .)


state 31

    (30) statement -> TkIf expression . TkDosPuntos statement_list TkEnd
    (31) statement -> TkIf expression . TkDosPuntos statement_list TkElse statement_list TkEnd
    (14) expression -> expression . TkSuma expression
    (15) expression -> expression . TkResta expression
    (16) expression -> expression . TkMult expression
    (17) expression -> expression . TkDiv expression
    (18) expression -> expression . TkMod expression
    (19) expression -> expression . TkMenor expression
    (20) expression -> expression . TkMenorIgual expression
    (21) expression -> expression . TkMayor expression
    (22) expression -> expression . TkMayorIgual expression
    (23) expression -> expression . TkIgual expression
    (24) expression -> expression . TkDesigualdad expression
    (25) expression -> expression . TkConjuncion expression
    (26) expression -> expression . TkDisyuncion expression

    TkDosPuntos     shift and go to state 63
    TkSuma          shift and go to state 64
    TkResta         shift and go to state 65
    TkMult          shift and go to state 66
    TkDiv           shift and go to state 67
    TkMod           shift and go to state 68
    TkMenor         shift and go to state 69
    TkMenorIgual    shift and go to state 70
    TkMayor         shift and go to state 71
    TkMayorIgual    shift and go to state 72
    TkIgual         shift and go to state 73
    TkDesigualdad   shift and go to state 74
    TkConjuncion    shift and go to state 75
    TkDisyuncion    shift and go to state 76


state 32

    (28) expression -> TkResta . expression
    (14) expression -> . expression TkSuma expression
    (15) expression -> . expression TkResta expression
    (16) expression -> . expression TkMult expression
    (17) expression -> . expression TkDiv expression
    (18) expression -> . expression TkMod expression
    (19) expression -> . expression TkMenor expression
    (20) expression -> . expression TkMenorIgual expression
    (21) expression -> . expression TkMayor expression
    (22) expression -> . expression TkMayorIgual expression
    (23) expression -> . expression TkIgual expression
    (24) expression -> . expression TkDesigualdad expression
    (25) expression -> . expression TkConjuncion expression
    (26) expression -> . expression TkDisyuncion expression
    (27) expression -> . TkNegacion expression
    (28) expression -> . TkResta expression
    (29) expression -> . TkParAbre expression TkParCierra
    (60) expression -> . TkIdent
    (61) expression -> . TkNum
    (62) expression -> . TkCaracter
    (63) expression -> . TkTrue
    (64) expression -> . TkFalse

    TkNegacion      shift and go to state 33
    TkResta         shift and go to state 32
    TkParAbre       shift and go to state 34
    TkIdent         shift and go to state 35
    TkNum           shift and go to state 36
    TkCaracter      shift and go to state 37
    TkTrue          shift and go to state 38
    TkFalse         shift and go to state 39

    expression                     shift and go to state 77

state 33

    (27) expression -> TkNegacion . expression
    (14) expression -> . expression TkSuma expression
    (15) expression -> . expression TkResta expression
    (16) expression -> . expression TkMult expression
    (17) expression -> . expression TkDiv expression
    (18) expression -> . expression TkMod expression
    (19) expression -> . expression TkMenor expression
    (20) expression -> . expression TkMenorIgual expression
    (21) expression -> . expression TkMayor expression
    (22) expression -> . expression TkMayorIgual expression
    (23) expression -> . expression TkIgual expression
    (24) expression -> . expression TkDesigualdad expression
    (25) expression -> . expression TkConjuncion expression
    (26) expression -> . expression TkDisyuncion expression
    (27) expression -> . TkNegacion expression
    (28) expression -> . TkResta expression
    (29) expression -> . TkParAbre expression TkParCierra
    (60) expression -> . TkIdent
    (61) expression -> . TkNum
    (62) expression -> . TkCaracter
    (63) expression -> . TkTrue
    (64) expression -> . TkFalse

    TkNegacion      shift and go to state 33
    TkResta         shift and go to state 32
    TkParAbre       shift and go to state 34
    TkIdent         shift and go to state 35
    TkNum           shift and go to state 36
    TkCaracter      shift and go to state 37
    TkTrue          shift and go to state 38
    TkFalse         shift and go to state 39

    expression                     shift and go to state 78

state 34

    (29) expression -> TkParAbre . expression TkParCierra
    (14) expression -> . expression TkSuma expression
    (15) expression -> . expression TkResta expression
    (16) expression -> . expression TkMult expression
    (17) expression -> . expression TkDiv expression
    (18) expression -> . expression TkMod expression
    (19) expression -> . expression TkMenor expression
    (20) expression -> . expression TkMenorIgual expression
    (21) expression -> . expression TkMayor expression
    (22) expression -> . expression TkMayorIgual expression
    (23) expression -> . expression TkIgual expression
    (24) expression -> . expression TkDesigualdad expression
    (25) expression -> . expression TkConjuncion expression
    (26) expression -> . expression TkDisyuncion expression
    (27) expression -> . TkNegacion expression
    (28) expression -> . TkResta expression
    (29) expression -> . TkParAbre expression TkParCierra
    (60) expression -> . TkIdent
    (61) expression -> . TkNum
    (62) expression -> . TkCaracter
    (63) expression -> . TkTrue
    (64) expression -> . TkFalse

    TkNegacion      shift and go to state 33
    TkResta         shift and go to state 32
    TkParAbre       shift and go to state 34
    TkIdent         shift and go to state 35
    TkNum           shift and go to state 36
    TkCaracter      shift and go to state 37
    TkTrue          shift and go to state 38
    TkFalse         shift and go to state 39

    expression                     shift and go to state 79

state 35

    (60) expression -> TkIdent .

    TkDosPuntos     reduce using rule 60 (expression -> TkIdent .)
    TkSuma          reduce using rule 60 (expression -> TkIdent .)
    TkResta         reduce using rule 60 (expression -> TkIdent .)
    TkMult          reduce using rule 60 (expression -> TkIdent .)
    TkDiv           reduce using rule 60 (expression -> TkIdent .)
    TkMod           reduce using rule 60 (expression -> TkIdent .)
    TkMenor         reduce using rule 60 (expression -> TkIdent .)
    TkMenorIgual    reduce using rule 60 (expression -> TkIdent .)
    TkMayor         reduce using rule 60 (expression -> TkIdent .)
    TkMayorIgual    reduce using rule 60 (expression -> TkIdent .)
    TkIgual         reduce using rule 60 (expression -> TkIdent .)
    TkDesigualdad   reduce using rule 60 (expression -> TkIdent .)
    TkConjuncion    reduce using rule 60 (expression -> TkIdent .)
    TkDisyuncion    reduce using rule 60 (expression -> TkIdent .)
    TkPunto         reduce using rule 60 (expression -> TkIdent .)
    TkComa          reduce using rule 60 (expression -> TkIdent .)
    TkParCierra     reduce using rule 60 (expression -> TkIdent .)


state 36

    (61) expression -> TkNum .

    TkDosPuntos     reduce using rule 61 (expression -> TkNum .)
    TkSuma          reduce using rule 61 (expression -> TkNum .)
    TkResta         reduce using rule 61 (expression -> TkNum .)
    TkMult          reduce using rule 61 (expression -> TkNum .)
    TkDiv           reduce using rule 61 (expression -> TkNum .)
    TkMod           reduce using rule 61 (expression -> TkNum .)
    TkMenor         reduce using rule 61 (expression -> TkNum .)
    TkMenorIgual    reduce using rule 61 (expression -> TkNum .)
    TkMayor         reduce using rule 61 (expression -> TkNum .)
    TkMayorIgual    reduce using rule 61 (expression -> TkNum .)
    TkIgual         reduce using rule 61 (expression -> TkNum .)
    TkDesigualdad   reduce using rule 61 (expression -> TkNum .)
    TkConjuncion    reduce using rule 61 (expression -> TkNum .)
    TkDisyuncion    reduce using rule 61 (expression -> TkNum .)
    TkPunto         reduce using rule 61 (expression -> TkNum .)
    TkComa          reduce using rule 61 (expression -> TkNum .)
    TkParCierra     reduce using rule 61 (expression -> TkNum .)


state 37

    (62) expression -> TkCaracter .

    TkDosPuntos     reduce using rule 62 (expression -> TkCaracter .)
    TkSuma          reduce using rule 62 (expression -> TkCaracter .)
    TkResta         reduce using rule 62 (expression -> TkCaracter .)
    TkMult          reduce using rule 62 (expression -> TkCaracter .)
    TkDiv           reduce using rule 62 (expression -> TkCaracter .)
    TkMod           reduce using rule 62 (expression -> TkCaracter .)
    TkMenor         reduce using rule 62 (expression -> TkCaracter .)
    TkMenorIgual    reduce using rule 62 (expression -> TkCaracter .)
    TkMayor         reduce using rule 62 (expression -> TkCaracter .)
    TkMayorIgual    reduce using rule 62 (expression -> TkCaracter .)
    TkIgual         reduce using rule 62 (expression -> TkCaracter .)
    TkDesigualdad   reduce using rule 62 (expression -> TkCaracter .)
    TkConjuncion    reduce using rule 62 (expression -> TkCaracter .)
    TkDisyuncion    reduce using rule 62 (expression -> TkCaracter .)
    TkPunto         reduce using rule 62 (expression -> TkCaracter .)
    TkComa          reduce using rule 62 (expression -> TkCaracter .)
    TkParCierra     reduce using rule 62 (expression -> TkCaracter .)


state 38

    (63) expression -> TkTrue .

    TkDosPuntos     reduce using rule 63 (expression -> TkTrue .)
    TkSuma          reduce using rule 63 (expression -> TkTrue .)
    TkResta         reduce using rule 63 (expression -> TkTrue .)
    TkMult          reduce using rule 63 (expression -> TkTrue .)
    TkDiv           reduce using rule 63 (expression -> TkTrue .)
    TkMod           reduce using rule 63 (expression -> TkTrue .)
    TkMenor         reduce using rule 63 (expression -> TkTrue .)
    TkMenorIgual    reduce using rule 63 (expression -> TkTrue .)
    TkMayor         reduce using rule 63 (expression -> TkTrue .)
    TkMayorIgual    reduce using rule 63 (expression -> TkTrue .)
    TkIgual         reduce using rule 63 (expression -> TkTrue .)
    TkDesigualdad   reduce using rule 63 (expression -> TkTrue .)
    TkConjuncion    reduce using rule 63 (expression -> TkTrue .)
    TkDisyuncion    reduce using rule 63 (expression -> TkTrue .)
    TkPunto         reduce using rule 63 (expression -> TkTrue .)
    TkComa          reduce using rule 63 (expression -> TkTrue .)
    TkParCierra     reduce using rule 63 (expression -> TkTrue .)


state 39

    (64) expression -> TkFalse .

    TkDosPuntos     reduce using rule 64 (expression -> TkFalse .)
    TkSuma          reduce using rule 64 (expression -> TkFalse .)
    TkResta         reduce using rule 64 (expression -> TkFalse .)
    TkMult          reduce using rule 64 (expression -> TkFalse .)
    TkDiv           reduce using rule 64 (expression -> TkFalse .)
    TkMod           reduce using rule 64 (expression -> TkFalse .)
    TkMenor         reduce using rule 64 (expression -> TkFalse .)
    TkMenorIgual    reduce using rule 64 (expression -> TkFalse .)
    TkMayor         reduce using rule 64 (expression -> TkFalse .)
    TkMayorIgual    reduce using rule 64 (expression -> TkFalse .)
    TkIgual         reduce using rule 64 (expression -> TkFalse .)
    TkDesigualdad   reduce using rule 64 (expression -> TkFalse .)
    TkConjuncion    reduce using rule 64 (expression -> TkFalse .)
    TkDisyuncion    reduce using rule 64 (expression -> TkFalse .)
    TkPunto         reduce using rule 64 (expression -> TkFalse .)
    TkComa          reduce using rule 64 (expression -> TkFalse .)
    TkParCierra     reduce using rule 64 (expression -> TkFalse .)


state 40

    (32) statement -> TkWhile expression . TkDosPuntos statement_list TkEnd
    (14) expression -> expression . TkSuma expression
    (15) expression -> expression . TkResta expression
    (16) expression -> expression . TkMult expression
    (17) expression -> expression . TkDiv expression
    (18) expression -> expression . TkMod expression
    (19) expression -> expression . TkMenor expression
    (20) expression -> expression . TkMenorIgual expression
    (21) expression -> expression . TkMayor expression
    (22) expression -> expression . TkMayorIgual expression
    (23) expression -> expression . TkIgual expression
    (24) expression -> expression . TkDesigualdad expression
    (25) expression -> expression . TkConjuncion expression
    (26) expression -> expression . TkDisyuncion expression

    TkDosPuntos     shift and go to state 80
    TkSuma          shift and go to state 64
    TkResta         shift and go to state 65
    TkMult          shift and go to state 66
    TkDiv           shift and go to state 67
    TkMod           shift and go to state 68
    TkMenor         shift and go to state 69
    TkMenorIgual    shift and go to state 70
    TkMayor         shift and go to state 71
    TkMayorIgual    shift and go to state 72
    TkIgual         shift and go to state 73
    TkDesigualdad   shift and go to state 74
    TkConjuncion    shift and go to state 75
    TkDisyuncion    shift and go to state 76


state 41

    (40) statement -> TkActivate var_list . TkPunto
    (58) var_list -> var_list . TkComa expression

    TkPunto         shift and go to state 81
    TkComa          shift and go to state 82


state 42

    (59) var_list -> expression .
    (14) expression -> expression . TkSuma expression
    (15) expression -> expression . TkResta expression
    (16) expression -> expression . TkMult expression
    (17) expression -> expression . TkDiv expression
    (18) expression -> expression . TkMod expression
    (19) expression -> expression . TkMenor expression
    (20) expression -> expression . TkMenorIgual expression
    (21) expression -> expression . TkMayor expression
    (22) expression -> expression . TkMayorIgual expression
    (23) expression -> expression . TkIgual expression
    (24) expression -> expression . TkDesigualdad expression
    (25) expression -> expression . TkConjuncion expression
    (26) expression -> expression . TkDisyuncion expression

    TkPunto         reduce using rule 59 (var_list -> expression .)
    TkComa          reduce using rule 59 (var_list -> expression .)
    TkSuma          shift and go to state 64
    TkResta         shift and go to state 65
    TkMult          shift and go to state 66
    TkDiv           shift and go to state 67
    TkMod           shift and go to state 68
    TkMenor         shift and go to state 69
    TkMenorIgual    shift and go to state 70
    TkMayor         shift and go to state 71
    TkMayorIgual    shift and go to state 72
    TkIgual         shift and go to state 73
    TkDesigualdad   shift and go to state 74
    TkConjuncion    shift and go to state 75
    TkDisyuncion    shift and go to state 76


state 43

    (41) statement -> TkDeactivate var_list . TkPunto
    (58) var_list -> var_list . TkComa expression

    TkPunto         shift and go to state 83
    TkComa          shift and go to state 82


state 44

    (42) statement -> TkAdvance var_list . TkPunto
    (58) var_list -> var_list . TkComa expression

    TkPunto         shift and go to state 84
    TkComa          shift and go to state 82


state 45

    (43) statement -> TkSend TkPunto .

    TkEnd           reduce using rule 43 (statement -> TkSend TkPunto .)
    TkIf            reduce using rule 43 (statement -> TkSend TkPunto .)
    TkWhile         reduce using rule 43 (statement -> TkSend TkPunto .)
    TkActivate      reduce using rule 43 (statement -> TkSend TkPunto .)
    TkDeactivate    reduce using rule 43 (statement -> TkSend TkPunto .)
    TkAdvance       reduce using rule 43 (statement -> TkSend TkPunto .)
    TkSend          reduce using rule 43 (statement -> TkSend TkPunto .)
    TkRead          reduce using rule 43 (statement -> TkSend TkPunto .)
    TkCollect       reduce using rule 43 (statement -> TkSend TkPunto .)
    TkDrop          reduce using rule 43 (statement -> TkSend TkPunto .)
    TkLeft          reduce using rule 43 (statement -> TkSend TkPunto .)
    TkRight         reduce using rule 43 (statement -> TkSend TkPunto .)
    TkUp            reduce using rule 43 (statement -> TkSend TkPunto .)
    TkDown          reduce using rule 43 (statement -> TkSend TkPunto .)
    TkStore         reduce using rule 43 (statement -> TkSend TkPunto .)
    TkElse          reduce using rule 43 (statement -> TkSend TkPunto .)


state 46

    (44) statement -> TkRead TkPunto .

    TkEnd           reduce using rule 44 (statement -> TkRead TkPunto .)
    TkIf            reduce using rule 44 (statement -> TkRead TkPunto .)
    TkWhile         reduce using rule 44 (statement -> TkRead TkPunto .)
    TkActivate      reduce using rule 44 (statement -> TkRead TkPunto .)
    TkDeactivate    reduce using rule 44 (statement -> TkRead TkPunto .)
    TkAdvance       reduce using rule 44 (statement -> TkRead TkPunto .)
    TkSend          reduce using rule 44 (statement -> TkRead TkPunto .)
    TkRead          reduce using rule 44 (statement -> TkRead TkPunto .)
    TkCollect       reduce using rule 44 (statement -> TkRead TkPunto .)
    TkDrop          reduce using rule 44 (statement -> TkRead TkPunto .)
    TkLeft          reduce using rule 44 (statement -> TkRead TkPunto .)
    TkRight         reduce using rule 44 (statement -> TkRead TkPunto .)
    TkUp            reduce using rule 44 (statement -> TkRead TkPunto .)
    TkDown          reduce using rule 44 (statement -> TkRead TkPunto .)
    TkStore         reduce using rule 44 (statement -> TkRead TkPunto .)
    TkElse          reduce using rule 44 (statement -> TkRead TkPunto .)


state 47

    (45) statement -> TkRead TkAs . TkIdent TkPunto

    TkIdent         shift and go to state 85


state 48

    (46) statement -> TkCollect TkPunto .

    TkEnd           reduce using rule 46 (statement -> TkCollect TkPunto .)
    TkIf            reduce using rule 46 (statement -> TkCollect TkPunto .)
    TkWhile         reduce using rule 46 (statement -> TkCollect TkPunto .)
    TkActivate      reduce using rule 46 (statement -> TkCollect TkPunto .)
    TkDeactivate    reduce using rule 46 (statement -> TkCollect TkPunto .)
    TkAdvance       reduce using rule 46 (statement -> TkCollect TkPunto .)
    TkSend          reduce using rule 46 (statement -> TkCollect TkPunto .)
    TkRead          reduce using rule 46 (statement -> TkCollect TkPunto .)
    TkCollect       reduce using rule 46 (statement -> TkCollect TkPunto .)
    TkDrop          reduce using rule 46 (statement -> TkCollect TkPunto .)
    TkLeft          reduce using rule 46 (statement -> TkCollect TkPunto .)
    TkRight         reduce using rule 46 (statement -> TkCollect TkPunto .)
    TkUp            reduce using rule 46 (statement -> TkCollect TkPunto .)
    TkDown          reduce using rule 46 (statement -> TkCollect TkPunto .)
    TkStore         reduce using rule 46 (statement -> TkCollect TkPunto .)
    TkElse          reduce using rule 46 (statement -> TkCollect TkPunto .)


state 49

    (47) statement -> TkCollect TkAs . TkIdent TkPunto

    TkIdent         shift and go to state 86


state 50

    (48) statement -> TkDrop expression . TkPunto
    (14) expression -> expression . TkSuma expression
    (15) expression -> expression . TkResta expression
    (16) expression -> expression . TkMult expression
    (17) expression -> expression . TkDiv expression
    (18) expression -> expression . TkMod expression
    (19) expression -> expression . TkMenor expression
    (20) expression -> expression . TkMenorIgual expression
    (21) expression -> expression . TkMayor expression
    (22) expression -> expression . TkMayorIgual expression
    (23) expression -> expression . TkIgual expression
    (24) expression -> expression . TkDesigualdad expression
    (25) expression -> expression . TkConjuncion expression
    (26) expression -> expression . TkDisyuncion expression

    TkPunto         shift and go to state 87
    TkSuma          shift and go to state 64
    TkResta         shift and go to state 65
    TkMult          shift and go to state 66
    TkDiv           shift and go to state 67
    TkMod           shift and go to state 68
    TkMenor         shift and go to state 69
    TkMenorIgual    shift and go to state 70
    TkMayor         shift and go to state 71
    TkMayorIgual    shift and go to state 72
    TkIgual         shift and go to state 73
    TkDesigualdad   shift and go to state 74
    TkConjuncion    shift and go to state 75
    TkDisyuncion    shift and go to state 76


state 51

    (49) statement -> TkLeft TkPunto .

    TkEnd           reduce using rule 49 (statement -> TkLeft TkPunto .)
    TkIf            reduce using rule 49 (statement -> TkLeft TkPunto .)
    TkWhile         reduce using rule 49 (statement -> TkLeft TkPunto .)
    TkActivate      reduce using rule 49 (statement -> TkLeft TkPunto .)
    TkDeactivate    reduce using rule 49 (statement -> TkLeft TkPunto .)
    TkAdvance       reduce using rule 49 (statement -> TkLeft TkPunto .)
    TkSend          reduce using rule 49 (statement -> TkLeft TkPunto .)
    TkRead          reduce using rule 49 (statement -> TkLeft TkPunto .)
    TkCollect       reduce using rule 49 (statement -> TkLeft TkPunto .)
    TkDrop          reduce using rule 49 (statement -> TkLeft TkPunto .)
    TkLeft          reduce using rule 49 (statement -> TkLeft TkPunto .)
    TkRight         reduce using rule 49 (statement -> TkLeft TkPunto .)
    TkUp            reduce using rule 49 (statement -> TkLeft TkPunto .)
    TkDown          reduce using rule 49 (statement -> TkLeft TkPunto .)
    TkStore         reduce using rule 49 (statement -> TkLeft TkPunto .)
    TkElse          reduce using rule 49 (statement -> TkLeft TkPunto .)


state 52

    (53) statement -> TkLeft expression . TkPunto
    (14) expression -> expression . TkSuma expression
    (15) expression -> expression . TkResta expression
    (16) expression -> expression . TkMult expression
    (17) expression -> expression . TkDiv expression
    (18) expression -> expression . TkMod expression
    (19) expression -> expression . TkMenor expression
    (20) expression -> expression . TkMenorIgual expression
    (21) expression -> expression . TkMayor expression
    (22) expression -> expression . TkMayorIgual expression
    (23) expression -> expression . TkIgual expression
    (24) expression -> expression . TkDesigualdad expression
    (25) expression -> expression . TkConjuncion expression
    (26) expression -> expression . TkDisyuncion expression

    TkPunto         shift and go to state 88
    TkSuma          shift and go to state 64
    TkResta         shift and go to state 65
    TkMult          shift and go to state 66
    TkDiv           shift and go to state 67
    TkMod           shift and go to state 68
    TkMenor         shift and go to state 69
    TkMenorIgual    shift and go to state 70
    TkMayor         shift and go to state 71
    TkMayorIgual    shift and go to state 72
    TkIgual         shift and go to state 73
    TkDesigualdad   shift and go to state 74
    TkConjuncion    shift and go to state 75
    TkDisyuncion    shift and go to state 76


state 53

    (50) statement -> TkRight TkPunto .

    TkEnd           reduce using rule 50 (statement -> TkRight TkPunto .)
    TkIf            reduce using rule 50 (statement -> TkRight TkPunto .)
    TkWhile         reduce using rule 50 (statement -> TkRight TkPunto .)
    TkActivate      reduce using rule 50 (statement -> TkRight TkPunto .)
    TkDeactivate    reduce using rule 50 (statement -> TkRight TkPunto .)
    TkAdvance       reduce using rule 50 (statement -> TkRight TkPunto .)
    TkSend          reduce using rule 50 (statement -> TkRight TkPunto .)
    TkRead          reduce using rule 50 (statement -> TkRight TkPunto .)
    TkCollect       reduce using rule 50 (statement -> TkRight TkPunto .)
    TkDrop          reduce using rule 50 (statement -> TkRight TkPunto .)
    TkLeft          reduce using rule 50 (statement -> TkRight TkPunto .)
    TkRight         reduce using rule 50 (statement -> TkRight TkPunto .)
    TkUp            reduce using rule 50 (statement -> TkRight TkPunto .)
    TkDown          reduce using rule 50 (statement -> TkRight TkPunto .)
    TkStore         reduce using rule 50 (statement -> TkRight TkPunto .)
    TkElse          reduce using rule 50 (statement -> TkRight TkPunto .)


state 54

    (54) statement -> TkRight expression . TkPunto
    (14) expression -> expression . TkSuma expression
    (15) expression -> expression . TkResta expression
    (16) expression -> expression . TkMult expression
    (17) expression -> expression . TkDiv expression
    (18) expression -> expression . TkMod expression
    (19) expression -> expression . TkMenor expression
    (20) expression -> expression . TkMenorIgual expression
    (21) expression -> expression . TkMayor expression
    (22) expression -> expression . TkMayorIgual expression
    (23) expression -> expression . TkIgual expression
    (24) expression -> expression . TkDesigualdad expression
    (25) expression -> expression . TkConjuncion expression
    (26) expression -> expression . TkDisyuncion expression

    TkPunto         shift and go to state 89
    TkSuma          shift and go to state 64
    TkResta         shift and go to state 65
    TkMult          shift and go to state 66
    TkDiv           shift and go to state 67
    TkMod           shift and go to state 68
    TkMenor         shift and go to state 69
    TkMenorIgual    shift and go to state 70
    TkMayor         shift and go to state 71
    TkMayorIgual    shift and go to state 72
    TkIgual         shift and go to state 73
    TkDesigualdad   shift and go to state 74
    TkConjuncion    shift and go to state 75
    TkDisyuncion    shift and go to state 76


state 55

    (51) statement -> TkUp TkPunto .

    TkEnd           reduce using rule 51 (statement -> TkUp TkPunto .)
    TkIf            reduce using rule 51 (statement -> TkUp TkPunto .)
    TkWhile         reduce using rule 51 (statement -> TkUp TkPunto .)
    TkActivate      reduce using rule 51 (statement -> TkUp TkPunto .)
    TkDeactivate    reduce using rule 51 (statement -> TkUp TkPunto .)
    TkAdvance       reduce using rule 51 (statement -> TkUp TkPunto .)
    TkSend          reduce using rule 51 (statement -> TkUp TkPunto .)
    TkRead          reduce using rule 51 (statement -> TkUp TkPunto .)
    TkCollect       reduce using rule 51 (statement -> TkUp TkPunto .)
    TkDrop          reduce using rule 51 (statement -> TkUp TkPunto .)
    TkLeft          reduce using rule 51 (statement -> TkUp TkPunto .)
    TkRight         reduce using rule 51 (statement -> TkUp TkPunto .)
    TkUp            reduce using rule 51 (statement -> TkUp TkPunto .)
    TkDown          reduce using rule 51 (statement -> TkUp TkPunto .)
    TkStore         reduce using rule 51 (statement -> TkUp TkPunto .)
    TkElse          reduce using rule 51 (statement -> TkUp TkPunto .)


state 56

    (55) statement -> TkUp expression . TkPunto
    (14) expression -> expression . TkSuma expression
    (15) expression -> expression . TkResta expression
    (16) expression -> expression . TkMult expression
    (17) expression -> expression . TkDiv expression
    (18) expression -> expression . TkMod expression
    (19) expression -> expression . TkMenor expression
    (20) expression -> expression . TkMenorIgual expression
    (21) expression -> expression . TkMayor expression
    (22) expression -> expression . TkMayorIgual expression
    (23) expression -> expression . TkIgual expression
    (24) expression -> expression . TkDesigualdad expression
    (25) expression -> expression . TkConjuncion expression
    (26) expression -> expression . TkDisyuncion expression

    TkPunto         shift and go to state 90
    TkSuma          shift and go to state 64
    TkResta         shift and go to state 65
    TkMult          shift and go to state 66
    TkDiv           shift and go to state 67
    TkMod           shift and go to state 68
    TkMenor         shift and go to state 69
    TkMenorIgual    shift and go to state 70
    TkMayor         shift and go to state 71
    TkMayorIgual    shift and go to state 72
    TkIgual         shift and go to state 73
    TkDesigualdad   shift and go to state 74
    TkConjuncion    shift and go to state 75
    TkDisyuncion    shift and go to state 76


state 57

    (52) statement -> TkDown TkPunto .

    TkEnd           reduce using rule 52 (statement -> TkDown TkPunto .)
    TkIf            reduce using rule 52 (statement -> TkDown TkPunto .)
    TkWhile         reduce using rule 52 (statement -> TkDown TkPunto .)
    TkActivate      reduce using rule 52 (statement -> TkDown TkPunto .)
    TkDeactivate    reduce using rule 52 (statement -> TkDown TkPunto .)
    TkAdvance       reduce using rule 52 (statement -> TkDown TkPunto .)
    TkSend          reduce using rule 52 (statement -> TkDown TkPunto .)
    TkRead          reduce using rule 52 (statement -> TkDown TkPunto .)
    TkCollect       reduce using rule 52 (statement -> TkDown TkPunto .)
    TkDrop          reduce using rule 52 (statement -> TkDown TkPunto .)
    TkLeft          reduce using rule 52 (statement -> TkDown TkPunto .)
    TkRight         reduce using rule 52 (statement -> TkDown TkPunto .)
    TkUp            reduce using rule 52 (statement -> TkDown TkPunto .)
    TkDown          reduce using rule 52 (statement -> TkDown TkPunto .)
    TkStore         reduce using rule 52 (statement -> TkDown TkPunto .)
    TkElse          reduce using rule 52 (statement -> TkDown TkPunto .)


state 58

    (56) statement -> TkDown expression . TkPunto
    (14) expression -> expression . TkSuma expression
    (15) expression -> expression . TkResta expression
    (16) expression -> expression . TkMult expression
    (17) expression -> expression . TkDiv expression
    (18) expression -> expression . TkMod expression
    (19) expression -> expression . TkMenor expression
    (20) expression -> expression . TkMenorIgual expression
    (21) expression -> expression . TkMayor expression
    (22) expression -> expression . TkMayorIgual expression
    (23) expression -> expression . TkIgual expression
    (24) expression -> expression . TkDesigualdad expression
    (25) expression -> expression . TkConjuncion expression
    (26) expression -> expression . TkDisyuncion expression

    TkPunto         shift and go to state 91
    TkSuma          shift and go to state 64
    TkResta         shift and go to state 65
    TkMult          shift and go to state 66
    TkDiv           shift and go to state 67
    TkMod           shift and go to state 68
    TkMenor         shift and go to state 69
    TkMenorIgual    shift and go to state 70
    TkMayor         shift and go to state 71
    TkMayorIgual    shift and go to state 72
    TkIgual         shift and go to state 73
    TkDesigualdad   shift and go to state 74
    TkConjuncion    shift and go to state 75
    TkDisyuncion    shift and go to state 76


state 59

    (57) statement -> TkStore expression . TkPunto
    (14) expression -> expression . TkSuma expression
    (15) expression -> expression . TkResta expression
    (16) expression -> expression . TkMult expression
    (17) expression -> expression . TkDiv expression
    (18) expression -> expression . TkMod expression
    (19) expression -> expression . TkMenor expression
    (20) expression -> expression . TkMenorIgual expression
    (21) expression -> expression . TkMayor expression
    (22) expression -> expression . TkMayorIgual expression
    (23) expression -> expression . TkIgual expression
    (24) expression -> expression . TkDesigualdad expression
    (25) expression -> expression . TkConjuncion expression
    (26) expression -> expression . TkDisyuncion expression

    TkPunto         shift and go to state 92
    TkSuma          shift and go to state 64
    TkResta         shift and go to state 65
    TkMult          shift and go to state 66
    TkDiv           shift and go to state 67
    TkMod           shift and go to state 68
    TkMenor         shift and go to state 69
    TkMenorIgual    shift and go to state 70
    TkMayor         shift and go to state 71
    TkMayorIgual    shift and go to state 72
    TkIgual         shift and go to state 73
    TkDesigualdad   shift and go to state 74
    TkConjuncion    shift and go to state 75
    TkDisyuncion    shift and go to state 76


state 60

    (1) programa -> TkCreate bot_list TkExecute statement_list . TkEnd
    (38) statement_list -> statement_list . statement
    (30) statement -> . TkIf expression TkDosPuntos statement_list TkEnd
    (31) statement -> . TkIf expression TkDosPuntos statement_list TkElse statement_list TkEnd
    (32) statement -> . TkWhile expression TkDosPuntos statement_list TkEnd
    (40) statement -> . TkActivate var_list TkPunto
    (41) statement -> . TkDeactivate var_list TkPunto
    (42) statement -> . TkAdvance var_list TkPunto
    (43) statement -> . TkSend TkPunto
    (44) statement -> . TkRead TkPunto
    (45) statement -> . TkRead TkAs TkIdent TkPunto
    (46) statement -> . TkCollect TkPunto
    (47) statement -> . TkCollect TkAs TkIdent TkPunto
    (48) statement -> . TkDrop expression TkPunto
    (49) statement -> . TkLeft TkPunto
    (50) statement -> . TkRight TkPunto
    (51) statement -> . TkUp TkPunto
    (52) statement -> . TkDown TkPunto
    (53) statement -> . TkLeft expression TkPunto
    (54) statement -> . TkRight expression TkPunto
    (55) statement -> . TkUp expression TkPunto
    (56) statement -> . TkDown expression TkPunto
    (57) statement -> . TkStore expression TkPunto

    TkEnd           shift and go to state 93
    TkIf            shift and go to state 12
    TkWhile         shift and go to state 13
    TkActivate      shift and go to state 14
    TkDeactivate    shift and go to state 15
    TkAdvance       shift and go to state 16
    TkSend          shift and go to state 17
    TkRead          shift and go to state 18
    TkCollect       shift and go to state 19
    TkDrop          shift and go to state 20
    TkLeft          shift and go to state 21
    TkRight         shift and go to state 22
    TkUp            shift and go to state 23
    TkDown          shift and go to state 24
    TkStore         shift and go to state 25

    statement                      shift and go to state 30

state 61

    (5) bot_def -> tipo TkBot var_id_list . on_list TkEnd
    (6) bot_def -> tipo TkBot var_id_list . TkEnd
    (10) var_id_list -> var_id_list . TkComa TkIdent
    (12) on_list -> . on_list statement_on
    (13) on_list -> . statement_on
    (33) statement_on -> . TkOn TkActivation TkDosPuntos statement_list TkEnd
    (34) statement_on -> . TkOn TkDeactivation TkDosPuntos statement_list TkEnd
    (35) statement_on -> . TkOn TkDeactivate TkDosPuntos statement_list TkEnd
    (36) statement_on -> . TkOn expression TkDosPuntos statement_list TkEnd
    (37) statement_on -> . TkOn TkDefault TkDosPuntos statement_list TkEnd

    TkEnd           shift and go to state 95
    TkComa          shift and go to state 96
    TkOn            shift and go to state 98

    on_list                        shift and go to state 94
    statement_on                   shift and go to state 97

state 62

    (11) var_id_list -> TkIdent .

    TkEnd           reduce using rule 11 (var_id_list -> TkIdent .)
    TkComa          reduce using rule 11 (var_id_list -> TkIdent .)
    TkOn            reduce using rule 11 (var_id_list -> TkIdent .)


state 63

    (30) statement -> TkIf expression TkDosPuntos . statement_list TkEnd
    (31) statement -> TkIf expression TkDosPuntos . statement_list TkElse statement_list TkEnd
    (38) statement_list -> . statement_list statement
    (39) statement_list -> . statement
    (30) statement -> . TkIf expression TkDosPuntos statement_list TkEnd
    (31) statement -> . TkIf expression TkDosPuntos statement_list TkElse statement_list TkEnd
    (32) statement -> . TkWhile expression TkDosPuntos statement_list TkEnd
    (40) statement -> . TkActivate var_list TkPunto
    (41) statement -> . TkDeactivate var_list TkPunto
    (42) statement -> . TkAdvance var_list TkPunto
    (43) statement -> . TkSend TkPunto
    (44) statement -> . TkRead TkPunto
    (45) statement -> . TkRead TkAs TkIdent TkPunto
    (46) statement -> . TkCollect TkPunto
    (47) statement -> . TkCollect TkAs TkIdent TkPunto
    (48) statement -> . TkDrop expression TkPunto
    (49) statement -> . TkLeft TkPunto
    (50) statement -> . TkRight TkPunto
    (51) statement -> . TkUp TkPunto
    (52) statement -> . TkDown TkPunto
    (53) statement -> . TkLeft expression TkPunto
    (54) statement -> . TkRight expression TkPunto
    (55) statement -> . TkUp expression TkPunto
    (56) statement -> . TkDown expression TkPunto
    (57) statement -> . TkStore expression TkPunto

    TkIf            shift and go to state 12
    TkWhile         shift and go to state 13
    TkActivate      shift and go to state 14
    TkDeactivate    shift and go to state 15
    TkAdvance       shift and go to state 16
    TkSend          shift and go to state 17
    TkRead          shift and go to state 18
    TkCollect       shift and go to state 19
    TkDrop          shift and go to state 20
    TkLeft          shift and go to state 21
    TkRight         shift and go to state 22
    TkUp            shift and go to state 23
    TkDown          shift and go to state 24
    TkStore         shift and go to state 25

    statement_list                 shift and go to state 99
    statement                      shift and go to state 11

state 64

    (14) expression -> expression TkSuma . expression
    (14) expression -> . expression TkSuma expression
    (15) expression -> . expression TkResta expression
    (16) expression -> . expression TkMult expression
    (17) expression -> . expression TkDiv expression
    (18) expression -> . expression TkMod expression
    (19) expression -> . expression TkMenor expression
    (20) expression -> . expression TkMenorIgual expression
    (21) expression -> . expression TkMayor expression
    (22) expression -> . expression TkMayorIgual expression
    (23) expression -> . expression TkIgual expression
    (24) expression -> . expression TkDesigualdad expression
    (25) expression -> . expression TkConjuncion expression
    (26) expression -> . expression TkDisyuncion expression
    (27) expression -> . TkNegacion expression
    (28) expression -> . TkResta expression
    (29) expression -> . TkParAbre expression TkParCierra
    (60) expression -> . TkIdent
    (61) expression -> . TkNum
    (62) expression -> . TkCaracter
    (63) expression -> . TkTrue
    (64) expression -> . TkFalse

    TkNegacion      shift and go to state 33
    TkResta         shift and go to state 32
    TkParAbre       shift and go to state 34
    TkIdent         shift and go to state 35
    TkNum           shift and go to state 36
    TkCaracter      shift and go to state 37
    TkTrue          shift and go to state 38
    TkFalse         shift and go to state 39

    expression                     shift and go to state 100

state 65

    (15) expression -> expression TkResta . expression
    (14) expression -> . expression TkSuma expression
    (15) expression -> . expression TkResta expression
    (16) expression -> . expression TkMult expression
    (17) expression -> . expression TkDiv expression
    (18) expression -> . expression TkMod expression
    (19) expression -> . expression TkMenor expression
    (20) expression -> . expression TkMenorIgual expression
    (21) expression -> . expression TkMayor expression
    (22) expression -> . expression TkMayorIgual expression
    (23) expression -> . expression TkIgual expression
    (24) expression -> . expression TkDesigualdad expression
    (25) expression -> . expression TkConjuncion expression
    (26) expression -> . expression TkDisyuncion expression
    (27) expression -> . TkNegacion expression
    (28) expression -> . TkResta expression
    (29) expression -> . TkParAbre expression TkParCierra
    (60) expression -> . TkIdent
    (61) expression -> . TkNum
    (62) expression -> . TkCaracter
    (63) expression -> . TkTrue
    (64) expression -> . TkFalse

    TkNegacion      shift and go to state 33
    TkResta         shift and go to state 32
    TkParAbre       shift and go to state 34
    TkIdent         shift and go to state 35
    TkNum           shift and go to state 36
    TkCaracter      shift and go to state 37
    TkTrue          shift and go to state 38
    TkFalse         shift and go to state 39

    expression                     shift and go to state 101

state 66

    (16) expression -> expression TkMult . expression
    (14) expression -> . expression TkSuma expression
    (15) expression -> . expression TkResta expression
    (16) expression -> . expression TkMult expression
    (17) expression -> . expression TkDiv expression
    (18) expression -> . expression TkMod expression
    (19) expression -> . expression TkMenor expression
    (20) expression -> . expression TkMenorIgual expression
    (21) expression -> . expression TkMayor expression
    (22) expression -> . expression TkMayorIgual expression
    (23) expression -> . expression TkIgual expression
    (24) expression -> . expression TkDesigualdad expression
    (25) expression -> . expression TkConjuncion expression
    (26) expression -> . expression TkDisyuncion expression
    (27) expression -> . TkNegacion expression
    (28) expression -> . TkResta expression
    (29) expression -> . TkParAbre expression TkParCierra
    (60) expression -> . TkIdent
    (61) expression -> . TkNum
    (62) expression -> . TkCaracter
    (63) expression -> . TkTrue
    (64) expression -> . TkFalse

    TkNegacion      shift and go to state 33
    TkResta         shift and go to state 32
    TkParAbre       shift and go to state 34
    TkIdent         shift and go to state 35
    TkNum           shift and go to state 36
    TkCaracter      shift and go to state 37
    TkTrue          shift and go to state 38
    TkFalse         shift and go to state 39

    expression                     shift and go to state 102

state 67

    (17) expression -> expression TkDiv . expression
    (14) expression -> . expression TkSuma expression
    (15) expression -> . expression TkResta expression
    (16) expression -> . expression TkMult expression
    (17) expression -> . expression TkDiv expression
    (18) expression -> . expression TkMod expression
    (19) expression -> . expression TkMenor expression
    (20) expression -> . expression TkMenorIgual expression
    (21) expression -> . expression TkMayor expression
    (22) expression -> . expression TkMayorIgual expression
    (23) expression -> . expression TkIgual expression
    (24) expression -> . expression TkDesigualdad expression
    (25) expression -> . expression TkConjuncion expression
    (26) expression -> . expression TkDisyuncion expression
    (27) expression -> . TkNegacion expression
    (28) expression -> . TkResta expression
    (29) expression -> . TkParAbre expression TkParCierra
    (60) expression -> . TkIdent
    (61) expression -> . TkNum
    (62) expression -> . TkCaracter
    (63) expression -> . TkTrue
    (64) expression -> . TkFalse

    TkNegacion      shift and go to state 33
    TkResta         shift and go to state 32
    TkParAbre       shift and go to state 34
    TkIdent         shift and go to state 35
    TkNum           shift and go to state 36
    TkCaracter      shift and go to state 37
    TkTrue          shift and go to state 38
    TkFalse         shift and go to state 39

    expression                     shift and go to state 103

state 68

    (18) expression -> expression TkMod . expression
    (14) expression -> . expression TkSuma expression
    (15) expression -> . expression TkResta expression
    (16) expression -> . expression TkMult expression
    (17) expression -> . expression TkDiv expression
    (18) expression -> . expression TkMod expression
    (19) expression -> . expression TkMenor expression
    (20) expression -> . expression TkMenorIgual expression
    (21) expression -> . expression TkMayor expression
    (22) expression -> . expression TkMayorIgual expression
    (23) expression -> . expression TkIgual expression
    (24) expression -> . expression TkDesigualdad expression
    (25) expression -> . expression TkConjuncion expression
    (26) expression -> . expression TkDisyuncion expression
    (27) expression -> . TkNegacion expression
    (28) expression -> . TkResta expression
    (29) expression -> . TkParAbre expression TkParCierra
    (60) expression -> . TkIdent
    (61) expression -> . TkNum
    (62) expression -> . TkCaracter
    (63) expression -> . TkTrue
    (64) expression -> . TkFalse

    TkNegacion      shift and go to state 33
    TkResta         shift and go to state 32
    TkParAbre       shift and go to state 34
    TkIdent         shift and go to state 35
    TkNum           shift and go to state 36
    TkCaracter      shift and go to state 37
    TkTrue          shift and go to state 38
    TkFalse         shift and go to state 39

    expression                     shift and go to state 104

state 69

    (19) expression -> expression TkMenor . expression
    (14) expression -> . expression TkSuma expression
    (15) expression -> . expression TkResta expression
    (16) expression -> . expression TkMult expression
    (17) expression -> . expression TkDiv expression
    (18) expression -> . expression TkMod expression
    (19) expression -> . expression TkMenor expression
    (20) expression -> . expression TkMenorIgual expression
    (21) expression -> . expression TkMayor expression
    (22) expression -> . expression TkMayorIgual expression
    (23) expression -> . expression TkIgual expression
    (24) expression -> . expression TkDesigualdad expression
    (25) expression -> . expression TkConjuncion expression
    (26) expression -> . expression TkDisyuncion expression
    (27) expression -> . TkNegacion expression
    (28) expression -> . TkResta expression
    (29) expression -> . TkParAbre expression TkParCierra
    (60) expression -> . TkIdent
    (61) expression -> . TkNum
    (62) expression -> . TkCaracter
    (63) expression -> . TkTrue
    (64) expression -> . TkFalse

    TkNegacion      shift and go to state 33
    TkResta         shift and go to state 32
    TkParAbre       shift and go to state 34
    TkIdent         shift and go to state 35
    TkNum           shift and go to state 36
    TkCaracter      shift and go to state 37
    TkTrue          shift and go to state 38
    TkFalse         shift and go to state 39

    expression                     shift and go to state 105

state 70

    (20) expression -> expression TkMenorIgual . expression
    (14) expression -> . expression TkSuma expression
    (15) expression -> . expression TkResta expression
    (16) expression -> . expression TkMult expression
    (17) expression -> . expression TkDiv expression
    (18) expression -> . expression TkMod expression
    (19) expression -> . expression TkMenor expression
    (20) expression -> . expression TkMenorIgual expression
    (21) expression -> . expression TkMayor expression
    (22) expression -> . expression TkMayorIgual expression
    (23) expression -> . expression TkIgual expression
    (24) expression -> . expression TkDesigualdad expression
    (25) expression -> . expression TkConjuncion expression
    (26) expression -> . expression TkDisyuncion expression
    (27) expression -> . TkNegacion expression
    (28) expression -> . TkResta expression
    (29) expression -> . TkParAbre expression TkParCierra
    (60) expression -> . TkIdent
    (61) expression -> . TkNum
    (62) expression -> . TkCaracter
    (63) expression -> . TkTrue
    (64) expression -> . TkFalse

    TkNegacion      shift and go to state 33
    TkResta         shift and go to state 32
    TkParAbre       shift and go to state 34
    TkIdent         shift and go to state 35
    TkNum           shift and go to state 36
    TkCaracter      shift and go to state 37
    TkTrue          shift and go to state 38
    TkFalse         shift and go to state 39

    expression                     shift and go to state 106

state 71

    (21) expression -> expression TkMayor . expression
    (14) expression -> . expression TkSuma expression
    (15) expression -> . expression TkResta expression
    (16) expression -> . expression TkMult expression
    (17) expression -> . expression TkDiv expression
    (18) expression -> . expression TkMod expression
    (19) expression -> . expression TkMenor expression
    (20) expression -> . expression TkMenorIgual expression
    (21) expression -> . expression TkMayor expression
    (22) expression -> . expression TkMayorIgual expression
    (23) expression -> . expression TkIgual expression
    (24) expression -> . expression TkDesigualdad expression
    (25) expression -> . expression TkConjuncion expression
    (26) expression -> . expression TkDisyuncion expression
    (27) expression -> . TkNegacion expression
    (28) expression -> . TkResta expression
    (29) expression -> . TkParAbre expression TkParCierra
    (60) expression -> . TkIdent
    (61) expression -> . TkNum
    (62) expression -> . TkCaracter
    (63) expression -> . TkTrue
    (64) expression -> . TkFalse

    TkNegacion      shift and go to state 33
    TkResta         shift and go to state 32
    TkParAbre       shift and go to state 34
    TkIdent         shift and go to state 35
    TkNum           shift and go to state 36
    TkCaracter      shift and go to state 37
    TkTrue          shift and go to state 38
    TkFalse         shift and go to state 39

    expression                     shift and go to state 107

state 72

    (22) expression -> expression TkMayorIgual . expression
    (14) expression -> . expression TkSuma expression
    (15) expression -> . expression TkResta expression
    (16) expression -> . expression TkMult expression
    (17) expression -> . expression TkDiv expression
    (18) expression -> . expression TkMod expression
    (19) expression -> . expression TkMenor expression
    (20) expression -> . expression TkMenorIgual expression
    (21) expression -> . expression TkMayor expression
    (22) expression -> . expression TkMayorIgual expression
    (23) expression -> . expression TkIgual expression
    (24) expression -> . expression TkDesigualdad expression
    (25) expression -> . expression TkConjuncion expression
    (26) expression -> . expression TkDisyuncion expression
    (27) expression -> . TkNegacion expression
    (28) expression -> . TkResta expression
    (29) expression -> . TkParAbre expression TkParCierra
    (60) expression -> . TkIdent
    (61) expression -> . TkNum
    (62) expression -> . TkCaracter
    (63) expression -> . TkTrue
    (64) expression -> . TkFalse

    TkNegacion      shift and go to state 33
    TkResta         shift and go to state 32
    TkParAbre       shift and go to state 34
    TkIdent         shift and go to state 35
    TkNum           shift and go to state 36
    TkCaracter      shift and go to state 37
    TkTrue          shift and go to state 38
    TkFalse         shift and go to state 39

    expression                     shift and go to state 108

state 73

    (23) expression -> expression TkIgual . expression
    (14) expression -> . expression TkSuma expression
    (15) expression -> . expression TkResta expression
    (16) expression -> . expression TkMult expression
    (17) expression -> . expression TkDiv expression
    (18) expression -> . expression TkMod expression
    (19) expression -> . expression TkMenor expression
    (20) expression -> . expression TkMenorIgual expression
    (21) expression -> . expression TkMayor expression
    (22) expression -> . expression TkMayorIgual expression
    (23) expression -> . expression TkIgual expression
    (24) expression -> . expression TkDesigualdad expression
    (25) expression -> . expression TkConjuncion expression
    (26) expression -> . expression TkDisyuncion expression
    (27) expression -> . TkNegacion expression
    (28) expression -> . TkResta expression
    (29) expression -> . TkParAbre expression TkParCierra
    (60) expression -> . TkIdent
    (61) expression -> . TkNum
    (62) expression -> . TkCaracter
    (63) expression -> . TkTrue
    (64) expression -> . TkFalse

    TkNegacion      shift and go to state 33
    TkResta         shift and go to state 32
    TkParAbre       shift and go to state 34
    TkIdent         shift and go to state 35
    TkNum           shift and go to state 36
    TkCaracter      shift and go to state 37
    TkTrue          shift and go to state 38
    TkFalse         shift and go to state 39

    expression                     shift and go to state 109

state 74

    (24) expression -> expression TkDesigualdad . expression
    (14) expression -> . expression TkSuma expression
    (15) expression -> . expression TkResta expression
    (16) expression -> . expression TkMult expression
    (17) expression -> . expression TkDiv expression
    (18) expression -> . expression TkMod expression
    (19) expression -> . expression TkMenor expression
    (20) expression -> . expression TkMenorIgual expression
    (21) expression -> . expression TkMayor expression
    (22) expression -> . expression TkMayorIgual expression
    (23) expression -> . expression TkIgual expression
    (24) expression -> . expression TkDesigualdad expression
    (25) expression -> . expression TkConjuncion expression
    (26) expression -> . expression TkDisyuncion expression
    (27) expression -> . TkNegacion expression
    (28) expression -> . TkResta expression
    (29) expression -> . TkParAbre expression TkParCierra
    (60) expression -> . TkIdent
    (61) expression -> . TkNum
    (62) expression -> . TkCaracter
    (63) expression -> . TkTrue
    (64) expression -> . TkFalse

    TkNegacion      shift and go to state 33
    TkResta         shift and go to state 32
    TkParAbre       shift and go to state 34
    TkIdent         shift and go to state 35
    TkNum           shift and go to state 36
    TkCaracter      shift and go to state 37
    TkTrue          shift and go to state 38
    TkFalse         shift and go to state 39

    expression                     shift and go to state 110

state 75

    (25) expression -> expression TkConjuncion . expression
    (14) expression -> . expression TkSuma expression
    (15) expression -> . expression TkResta expression
    (16) expression -> . expression TkMult expression
    (17) expression -> . expression TkDiv expression
    (18) expression -> . expression TkMod expression
    (19) expression -> . expression TkMenor expression
    (20) expression -> . expression TkMenorIgual expression
    (21) expression -> . expression TkMayor expression
    (22) expression -> . expression TkMayorIgual expression
    (23) expression -> . expression TkIgual expression
    (24) expression -> . expression TkDesigualdad expression
    (25) expression -> . expression TkConjuncion expression
    (26) expression -> . expression TkDisyuncion expression
    (27) expression -> . TkNegacion expression
    (28) expression -> . TkResta expression
    (29) expression -> . TkParAbre expression TkParCierra
    (60) expression -> . TkIdent
    (61) expression -> . TkNum
    (62) expression -> . TkCaracter
    (63) expression -> . TkTrue
    (64) expression -> . TkFalse

    TkNegacion      shift and go to state 33
    TkResta         shift and go to state 32
    TkParAbre       shift and go to state 34
    TkIdent         shift and go to state 35
    TkNum           shift and go to state 36
    TkCaracter      shift and go to state 37
    TkTrue          shift and go to state 38
    TkFalse         shift and go to state 39

    expression                     shift and go to state 111

state 76

    (26) expression -> expression TkDisyuncion . expression
    (14) expression -> . expression TkSuma expression
    (15) expression -> . expression TkResta expression
    (16) expression -> . expression TkMult expression
    (17) expression -> . expression TkDiv expression
    (18) expression -> . expression TkMod expression
    (19) expression -> . expression TkMenor expression
    (20) expression -> . expression TkMenorIgual expression
    (21) expression -> . expression TkMayor expression
    (22) expression -> . expression TkMayorIgual expression
    (23) expression -> . expression TkIgual expression
    (24) expression -> . expression TkDesigualdad expression
    (25) expression -> . expression TkConjuncion expression
    (26) expression -> . expression TkDisyuncion expression
    (27) expression -> . TkNegacion expression
    (28) expression -> . TkResta expression
    (29) expression -> . TkParAbre expression TkParCierra
    (60) expression -> . TkIdent
    (61) expression -> . TkNum
    (62) expression -> . TkCaracter
    (63) expression -> . TkTrue
    (64) expression -> . TkFalse

    TkNegacion      shift and go to state 33
    TkResta         shift and go to state 32
    TkParAbre       shift and go to state 34
    TkIdent         shift and go to state 35
    TkNum           shift and go to state 36
    TkCaracter      shift and go to state 37
    TkTrue          shift and go to state 38
    TkFalse         shift and go to state 39

    expression                     shift and go to state 112

state 77

    (28) expression -> TkResta expression .
    (14) expression -> expression . TkSuma expression
    (15) expression -> expression . TkResta expression
    (16) expression -> expression . TkMult expression
    (17) expression -> expression . TkDiv expression
    (18) expression -> expression . TkMod expression
    (19) expression -> expression . TkMenor expression
    (20) expression -> expression . TkMenorIgual expression
    (21) expression -> expression . TkMayor expression
    (22) expression -> expression . TkMayorIgual expression
    (23) expression -> expression . TkIgual expression
    (24) expression -> expression . TkDesigualdad expression
    (25) expression -> expression . TkConjuncion expression
    (26) expression -> expression . TkDisyuncion expression

    TkDosPuntos     reduce using rule 28 (expression -> TkResta expression .)
    TkSuma          reduce using rule 28 (expression -> TkResta expression .)
    TkResta         reduce using rule 28 (expression -> TkResta expression .)
    TkMult          reduce using rule 28 (expression -> TkResta expression .)
    TkDiv           reduce using rule 28 (expression -> TkResta expression .)
    TkMod           reduce using rule 28 (expression -> TkResta expression .)
    TkMenor         reduce using rule 28 (expression -> TkResta expression .)
    TkMenorIgual    reduce using rule 28 (expression -> TkResta expression .)
    TkMayor         reduce using rule 28 (expression -> TkResta expression .)
    TkMayorIgual    reduce using rule 28 (expression -> TkResta expression .)
    TkIgual         reduce using rule 28 (expression -> TkResta expression .)
    TkDesigualdad   reduce using rule 28 (expression -> TkResta expression .)
    TkConjuncion    reduce using rule 28 (expression -> TkResta expression .)
    TkDisyuncion    reduce using rule 28 (expression -> TkResta expression .)
    TkPunto         reduce using rule 28 (expression -> TkResta expression .)
    TkComa          reduce using rule 28 (expression -> TkResta expression .)
    TkParCierra     reduce using rule 28 (expression -> TkResta expression .)

  ! TkSuma          [ shift and go to state 64 ]
  ! TkResta         [ shift and go to state 65 ]
  ! TkMult          [ shift and go to state 66 ]
  ! TkDiv           [ shift and go to state 67 ]
  ! TkMod           [ shift and go to state 68 ]
  ! TkMenor         [ shift and go to state 69 ]
  ! TkMenorIgual    [ shift and go to state 70 ]
  ! TkMayor         [ shift and go to state 71 ]
  ! TkMayorIgual    [ shift and go to state 72 ]
  ! TkIgual         [ shift and go to state 73 ]
  ! TkDesigualdad   [ shift and go to state 74 ]
  ! TkConjuncion    [ shift and go to state 75 ]
  ! TkDisyuncion    [ shift and go to state 76 ]


state 78

    (27) expression -> TkNegacion expression .
    (14) expression -> expression . TkSuma expression
    (15) expression -> expression . TkResta expression
    (16) expression -> expression . TkMult expression
    (17) expression -> expression . TkDiv expression
    (18) expression -> expression . TkMod expression
    (19) expression -> expression . TkMenor expression
    (20) expression -> expression . TkMenorIgual expression
    (21) expression -> expression . TkMayor expression
    (22) expression -> expression . TkMayorIgual expression
    (23) expression -> expression . TkIgual expression
    (24) expression -> expression . TkDesigualdad expression
    (25) expression -> expression . TkConjuncion expression
    (26) expression -> expression . TkDisyuncion expression

    TkDosPuntos     reduce using rule 27 (expression -> TkNegacion expression .)
    TkSuma          reduce using rule 27 (expression -> TkNegacion expression .)
    TkResta         reduce using rule 27 (expression -> TkNegacion expression .)
    TkMult          reduce using rule 27 (expression -> TkNegacion expression .)
    TkDiv           reduce using rule 27 (expression -> TkNegacion expression .)
    TkMod           reduce using rule 27 (expression -> TkNegacion expression .)
    TkMenor         reduce using rule 27 (expression -> TkNegacion expression .)
    TkMenorIgual    reduce using rule 27 (expression -> TkNegacion expression .)
    TkMayor         reduce using rule 27 (expression -> TkNegacion expression .)
    TkMayorIgual    reduce using rule 27 (expression -> TkNegacion expression .)
    TkIgual         reduce using rule 27 (expression -> TkNegacion expression .)
    TkDesigualdad   reduce using rule 27 (expression -> TkNegacion expression .)
    TkConjuncion    reduce using rule 27 (expression -> TkNegacion expression .)
    TkDisyuncion    reduce using rule 27 (expression -> TkNegacion expression .)
    TkPunto         reduce using rule 27 (expression -> TkNegacion expression .)
    TkComa          reduce using rule 27 (expression -> TkNegacion expression .)
    TkParCierra     reduce using rule 27 (expression -> TkNegacion expression .)

  ! TkSuma          [ shift and go to state 64 ]
  ! TkResta         [ shift and go to state 65 ]
  ! TkMult          [ shift and go to state 66 ]
  ! TkDiv           [ shift and go to state 67 ]
  ! TkMod           [ shift and go to state 68 ]
  ! TkMenor         [ shift and go to state 69 ]
  ! TkMenorIgual    [ shift and go to state 70 ]
  ! TkMayor         [ shift and go to state 71 ]
  ! TkMayorIgual    [ shift and go to state 72 ]
  ! TkIgual         [ shift and go to state 73 ]
  ! TkDesigualdad   [ shift and go to state 74 ]
  ! TkConjuncion    [ shift and go to state 75 ]
  ! TkDisyuncion    [ shift and go to state 76 ]


state 79

    (29) expression -> TkParAbre expression . TkParCierra
    (14) expression -> expression . TkSuma expression
    (15) expression -> expression . TkResta expression
    (16) expression -> expression . TkMult expression
    (17) expression -> expression . TkDiv expression
    (18) expression -> expression . TkMod expression
    (19) expression -> expression . TkMenor expression
    (20) expression -> expression . TkMenorIgual expression
    (21) expression -> expression . TkMayor expression
    (22) expression -> expression . TkMayorIgual expression
    (23) expression -> expression . TkIgual expression
    (24) expression -> expression . TkDesigualdad expression
    (25) expression -> expression . TkConjuncion expression
    (26) expression -> expression . TkDisyuncion expression

    TkParCierra     shift and go to state 113
    TkSuma          shift and go to state 64
    TkResta         shift and go to state 65
    TkMult          shift and go to state 66
    TkDiv           shift and go to state 67
    TkMod           shift and go to state 68
    TkMenor         shift and go to state 69
    TkMenorIgual    shift and go to state 70
    TkMayor         shift and go to state 71
    TkMayorIgual    shift and go to state 72
    TkIgual         shift and go to state 73
    TkDesigualdad   shift and go to state 74
    TkConjuncion    shift and go to state 75
    TkDisyuncion    shift and go to state 76


state 80

    (32) statement -> TkWhile expression TkDosPuntos . statement_list TkEnd
    (38) statement_list -> . statement_list statement
    (39) statement_list -> . statement
    (30) statement -> . TkIf expression TkDosPuntos statement_list TkEnd
    (31) statement -> . TkIf expression TkDosPuntos statement_list TkElse statement_list TkEnd
    (32) statement -> . TkWhile expression TkDosPuntos statement_list TkEnd
    (40) statement -> . TkActivate var_list TkPunto
    (41) statement -> . TkDeactivate var_list TkPunto
    (42) statement -> . TkAdvance var_list TkPunto
    (43) statement -> . TkSend TkPunto
    (44) statement -> . TkRead TkPunto
    (45) statement -> . TkRead TkAs TkIdent TkPunto
    (46) statement -> . TkCollect TkPunto
    (47) statement -> . TkCollect TkAs TkIdent TkPunto
    (48) statement -> . TkDrop expression TkPunto
    (49) statement -> . TkLeft TkPunto
    (50) statement -> . TkRight TkPunto
    (51) statement -> . TkUp TkPunto
    (52) statement -> . TkDown TkPunto
    (53) statement -> . TkLeft expression TkPunto
    (54) statement -> . TkRight expression TkPunto
    (55) statement -> . TkUp expression TkPunto
    (56) statement -> . TkDown expression TkPunto
    (57) statement -> . TkStore expression TkPunto

    TkIf            shift and go to state 12
    TkWhile         shift and go to state 13
    TkActivate      shift and go to state 14
    TkDeactivate    shift and go to state 15
    TkAdvance       shift and go to state 16
    TkSend          shift and go to state 17
    TkRead          shift and go to state 18
    TkCollect       shift and go to state 19
    TkDrop          shift and go to state 20
    TkLeft          shift and go to state 21
    TkRight         shift and go to state 22
    TkUp            shift and go to state 23
    TkDown          shift and go to state 24
    TkStore         shift and go to state 25

    statement_list                 shift and go to state 114
    statement                      shift and go to state 11

state 81

    (40) statement -> TkActivate var_list TkPunto .

    TkEnd           reduce using rule 40 (statement -> TkActivate var_list TkPunto .)
    TkIf            reduce using rule 40 (statement -> TkActivate var_list TkPunto .)
    TkWhile         reduce using rule 40 (statement -> TkActivate var_list TkPunto .)
    TkActivate      reduce using rule 40 (statement -> TkActivate var_list TkPunto .)
    TkDeactivate    reduce using rule 40 (statement -> TkActivate var_list TkPunto .)
    TkAdvance       reduce using rule 40 (statement -> TkActivate var_list TkPunto .)
    TkSend          reduce using rule 40 (statement -> TkActivate var_list TkPunto .)
    TkRead          reduce using rule 40 (statement -> TkActivate var_list TkPunto .)
    TkCollect       reduce using rule 40 (statement -> TkActivate var_list TkPunto .)
    TkDrop          reduce using rule 40 (statement -> TkActivate var_list TkPunto .)
    TkLeft          reduce using rule 40 (statement -> TkActivate var_list TkPunto .)
    TkRight         reduce using rule 40 (statement -> TkActivate var_list TkPunto .)
    TkUp            reduce using rule 40 (statement -> TkActivate var_list TkPunto .)
    TkDown          reduce using rule 40 (statement -> TkActivate var_list TkPunto .)
    TkStore         reduce using rule 40 (statement -> TkActivate var_list TkPunto .)
    TkElse          reduce using rule 40 (statement -> TkActivate var_list TkPunto .)


state 82

    (58) var_list -> var_list TkComa . expression
    (14) expression -> . expression TkSuma expression
    (15) expression -> . expression TkResta expression
    (16) expression -> . expression TkMult expression
    (17) expression -> . expression TkDiv expression
    (18) expression -> . expression TkMod expression
    (19) expression -> . expression TkMenor expression
    (20) expression -> . expression TkMenorIgual expression
    (21) expression -> . expression TkMayor expression
    (22) expression -> . expression TkMayorIgual expression
    (23) expression -> . expression TkIgual expression
    (24) expression -> . expression TkDesigualdad expression
    (25) expression -> . expression TkConjuncion expression
    (26) expression -> . expression TkDisyuncion expression
    (27) expression -> . TkNegacion expression
    (28) expression -> . TkResta expression
    (29) expression -> . TkParAbre expression TkParCierra
    (60) expression -> . TkIdent
    (61) expression -> . TkNum
    (62) expression -> . TkCaracter
    (63) expression -> . TkTrue
    (64) expression -> . TkFalse

    TkNegacion      shift and go to state 33
    TkResta         shift and go to state 32
    TkParAbre       shift and go to state 34
    TkIdent         shift and go to state 35
    TkNum           shift and go to state 36
    TkCaracter      shift and go to state 37
    TkTrue          shift and go to state 38
    TkFalse         shift and go to state 39

    expression                     shift and go to state 115

state 83

    (41) statement -> TkDeactivate var_list TkPunto .

    TkEnd           reduce using rule 41 (statement -> TkDeactivate var_list TkPunto .)
    TkIf            reduce using rule 41 (statement -> TkDeactivate var_list TkPunto .)
    TkWhile         reduce using rule 41 (statement -> TkDeactivate var_list TkPunto .)
    TkActivate      reduce using rule 41 (statement -> TkDeactivate var_list TkPunto .)
    TkDeactivate    reduce using rule 41 (statement -> TkDeactivate var_list TkPunto .)
    TkAdvance       reduce using rule 41 (statement -> TkDeactivate var_list TkPunto .)
    TkSend          reduce using rule 41 (statement -> TkDeactivate var_list TkPunto .)
    TkRead          reduce using rule 41 (statement -> TkDeactivate var_list TkPunto .)
    TkCollect       reduce using rule 41 (statement -> TkDeactivate var_list TkPunto .)
    TkDrop          reduce using rule 41 (statement -> TkDeactivate var_list TkPunto .)
    TkLeft          reduce using rule 41 (statement -> TkDeactivate var_list TkPunto .)
    TkRight         reduce using rule 41 (statement -> TkDeactivate var_list TkPunto .)
    TkUp            reduce using rule 41 (statement -> TkDeactivate var_list TkPunto .)
    TkDown          reduce using rule 41 (statement -> TkDeactivate var_list TkPunto .)
    TkStore         reduce using rule 41 (statement -> TkDeactivate var_list TkPunto .)
    TkElse          reduce using rule 41 (statement -> TkDeactivate var_list TkPunto .)


state 84

    (42) statement -> TkAdvance var_list TkPunto .

    TkEnd           reduce using rule 42 (statement -> TkAdvance var_list TkPunto .)
    TkIf            reduce using rule 42 (statement -> TkAdvance var_list TkPunto .)
    TkWhile         reduce using rule 42 (statement -> TkAdvance var_list TkPunto .)
    TkActivate      reduce using rule 42 (statement -> TkAdvance var_list TkPunto .)
    TkDeactivate    reduce using rule 42 (statement -> TkAdvance var_list TkPunto .)
    TkAdvance       reduce using rule 42 (statement -> TkAdvance var_list TkPunto .)
    TkSend          reduce using rule 42 (statement -> TkAdvance var_list TkPunto .)
    TkRead          reduce using rule 42 (statement -> TkAdvance var_list TkPunto .)
    TkCollect       reduce using rule 42 (statement -> TkAdvance var_list TkPunto .)
    TkDrop          reduce using rule 42 (statement -> TkAdvance var_list TkPunto .)
    TkLeft          reduce using rule 42 (statement -> TkAdvance var_list TkPunto .)
    TkRight         reduce using rule 42 (statement -> TkAdvance var_list TkPunto .)
    TkUp            reduce using rule 42 (statement -> TkAdvance var_list TkPunto .)
    TkDown          reduce using rule 42 (statement -> TkAdvance var_list TkPunto .)
    TkStore         reduce using rule 42 (statement -> TkAdvance var_list TkPunto .)
    TkElse          reduce using rule 42 (statement -> TkAdvance var_list TkPunto .)


state 85

    (45) statement -> TkRead TkAs TkIdent . TkPunto

    TkPunto         shift and go to state 116


state 86

    (47) statement -> TkCollect TkAs TkIdent . TkPunto

    TkPunto         shift and go to state 117


state 87

    (48) statement -> TkDrop expression TkPunto .

    TkEnd           reduce using rule 48 (statement -> TkDrop expression TkPunto .)
    TkIf            reduce using rule 48 (statement -> TkDrop expression TkPunto .)
    TkWhile         reduce using rule 48 (statement -> TkDrop expression TkPunto .)
    TkActivate      reduce using rule 48 (statement -> TkDrop expression TkPunto .)
    TkDeactivate    reduce using rule 48 (statement -> TkDrop expression TkPunto .)
    TkAdvance       reduce using rule 48 (statement -> TkDrop expression TkPunto .)
    TkSend          reduce using rule 48 (statement -> TkDrop expression TkPunto .)
    TkRead          reduce using rule 48 (statement -> TkDrop expression TkPunto .)
    TkCollect       reduce using rule 48 (statement -> TkDrop expression TkPunto .)
    TkDrop          reduce using rule 48 (statement -> TkDrop expression TkPunto .)
    TkLeft          reduce using rule 48 (statement -> TkDrop expression TkPunto .)
    TkRight         reduce using rule 48 (statement -> TkDrop expression TkPunto .)
    TkUp            reduce using rule 48 (statement -> TkDrop expression TkPunto .)
    TkDown          reduce using rule 48 (statement -> TkDrop expression TkPunto .)
    TkStore         reduce using rule 48 (statement -> TkDrop expression TkPunto .)
    TkElse          reduce using rule 48 (statement -> TkDrop expression TkPunto .)


state 88

    (53) statement -> TkLeft expression TkPunto .

    TkEnd           reduce using rule 53 (statement -> TkLeft expression TkPunto .)
    TkIf            reduce using rule 53 (statement -> TkLeft expression TkPunto .)
    TkWhile         reduce using rule 53 (statement -> TkLeft expression TkPunto .)
    TkActivate      reduce using rule 53 (statement -> TkLeft expression TkPunto .)
    TkDeactivate    reduce using rule 53 (statement -> TkLeft expression TkPunto .)
    TkAdvance       reduce using rule 53 (statement -> TkLeft expression TkPunto .)
    TkSend          reduce using rule 53 (statement -> TkLeft expression TkPunto .)
    TkRead          reduce using rule 53 (statement -> TkLeft expression TkPunto .)
    TkCollect       reduce using rule 53 (statement -> TkLeft expression TkPunto .)
    TkDrop          reduce using rule 53 (statement -> TkLeft expression TkPunto .)
    TkLeft          reduce using rule 53 (statement -> TkLeft expression TkPunto .)
    TkRight         reduce using rule 53 (statement -> TkLeft expression TkPunto .)
    TkUp            reduce using rule 53 (statement -> TkLeft expression TkPunto .)
    TkDown          reduce using rule 53 (statement -> TkLeft expression TkPunto .)
    TkStore         reduce using rule 53 (statement -> TkLeft expression TkPunto .)
    TkElse          reduce using rule 53 (statement -> TkLeft expression TkPunto .)


state 89

    (54) statement -> TkRight expression TkPunto .

    TkEnd           reduce using rule 54 (statement -> TkRight expression TkPunto .)
    TkIf            reduce using rule 54 (statement -> TkRight expression TkPunto .)
    TkWhile         reduce using rule 54 (statement -> TkRight expression TkPunto .)
    TkActivate      reduce using rule 54 (statement -> TkRight expression TkPunto .)
    TkDeactivate    reduce using rule 54 (statement -> TkRight expression TkPunto .)
    TkAdvance       reduce using rule 54 (statement -> TkRight expression TkPunto .)
    TkSend          reduce using rule 54 (statement -> TkRight expression TkPunto .)
    TkRead          reduce using rule 54 (statement -> TkRight expression TkPunto .)
    TkCollect       reduce using rule 54 (statement -> TkRight expression TkPunto .)
    TkDrop          reduce using rule 54 (statement -> TkRight expression TkPunto .)
    TkLeft          reduce using rule 54 (statement -> TkRight expression TkPunto .)
    TkRight         reduce using rule 54 (statement -> TkRight expression TkPunto .)
    TkUp            reduce using rule 54 (statement -> TkRight expression TkPunto .)
    TkDown          reduce using rule 54 (statement -> TkRight expression TkPunto .)
    TkStore         reduce using rule 54 (statement -> TkRight expression TkPunto .)
    TkElse          reduce using rule 54 (statement -> TkRight expression TkPunto .)


state 90

    (55) statement -> TkUp expression TkPunto .

    TkEnd           reduce using rule 55 (statement -> TkUp expression TkPunto .)
    TkIf            reduce using rule 55 (statement -> TkUp expression TkPunto .)
    TkWhile         reduce using rule 55 (statement -> TkUp expression TkPunto .)
    TkActivate      reduce using rule 55 (statement -> TkUp expression TkPunto .)
    TkDeactivate    reduce using rule 55 (statement -> TkUp expression TkPunto .)
    TkAdvance       reduce using rule 55 (statement -> TkUp expression TkPunto .)
    TkSend          reduce using rule 55 (statement -> TkUp expression TkPunto .)
    TkRead          reduce using rule 55 (statement -> TkUp expression TkPunto .)
    TkCollect       reduce using rule 55 (statement -> TkUp expression TkPunto .)
    TkDrop          reduce using rule 55 (statement -> TkUp expression TkPunto .)
    TkLeft          reduce using rule 55 (statement -> TkUp expression TkPunto .)
    TkRight         reduce using rule 55 (statement -> TkUp expression TkPunto .)
    TkUp            reduce using rule 55 (statement -> TkUp expression TkPunto .)
    TkDown          reduce using rule 55 (statement -> TkUp expression TkPunto .)
    TkStore         reduce using rule 55 (statement -> TkUp expression TkPunto .)
    TkElse          reduce using rule 55 (statement -> TkUp expression TkPunto .)


state 91

    (56) statement -> TkDown expression TkPunto .

    TkEnd           reduce using rule 56 (statement -> TkDown expression TkPunto .)
    TkIf            reduce using rule 56 (statement -> TkDown expression TkPunto .)
    TkWhile         reduce using rule 56 (statement -> TkDown expression TkPunto .)
    TkActivate      reduce using rule 56 (statement -> TkDown expression TkPunto .)
    TkDeactivate    reduce using rule 56 (statement -> TkDown expression TkPunto .)
    TkAdvance       reduce using rule 56 (statement -> TkDown expression TkPunto .)
    TkSend          reduce using rule 56 (statement -> TkDown expression TkPunto .)
    TkRead          reduce using rule 56 (statement -> TkDown expression TkPunto .)
    TkCollect       reduce using rule 56 (statement -> TkDown expression TkPunto .)
    TkDrop          reduce using rule 56 (statement -> TkDown expression TkPunto .)
    TkLeft          reduce using rule 56 (statement -> TkDown expression TkPunto .)
    TkRight         reduce using rule 56 (statement -> TkDown expression TkPunto .)
    TkUp            reduce using rule 56 (statement -> TkDown expression TkPunto .)
    TkDown          reduce using rule 56 (statement -> TkDown expression TkPunto .)
    TkStore         reduce using rule 56 (statement -> TkDown expression TkPunto .)
    TkElse          reduce using rule 56 (statement -> TkDown expression TkPunto .)


state 92

    (57) statement -> TkStore expression TkPunto .

    TkEnd           reduce using rule 57 (statement -> TkStore expression TkPunto .)
    TkIf            reduce using rule 57 (statement -> TkStore expression TkPunto .)
    TkWhile         reduce using rule 57 (statement -> TkStore expression TkPunto .)
    TkActivate      reduce using rule 57 (statement -> TkStore expression TkPunto .)
    TkDeactivate    reduce using rule 57 (statement -> TkStore expression TkPunto .)
    TkAdvance       reduce using rule 57 (statement -> TkStore expression TkPunto .)
    TkSend          reduce using rule 57 (statement -> TkStore expression TkPunto .)
    TkRead          reduce using rule 57 (statement -> TkStore expression TkPunto .)
    TkCollect       reduce using rule 57 (statement -> TkStore expression TkPunto .)
    TkDrop          reduce using rule 57 (statement -> TkStore expression TkPunto .)
    TkLeft          reduce using rule 57 (statement -> TkStore expression TkPunto .)
    TkRight         reduce using rule 57 (statement -> TkStore expression TkPunto .)
    TkUp            reduce using rule 57 (statement -> TkStore expression TkPunto .)
    TkDown          reduce using rule 57 (statement -> TkStore expression TkPunto .)
    TkStore         reduce using rule 57 (statement -> TkStore expression TkPunto .)
    TkElse          reduce using rule 57 (statement -> TkStore expression TkPunto .)


state 93

    (1) programa -> TkCreate bot_list TkExecute statement_list TkEnd .

    $end            reduce using rule 1 (programa -> TkCreate bot_list TkExecute statement_list TkEnd .)


state 94

    (5) bot_def -> tipo TkBot var_id_list on_list . TkEnd
    (12) on_list -> on_list . statement_on
    (33) statement_on -> . TkOn TkActivation TkDosPuntos statement_list TkEnd
    (34) statement_on -> . TkOn TkDeactivation TkDosPuntos statement_list TkEnd
    (35) statement_on -> . TkOn TkDeactivate TkDosPuntos statement_list TkEnd
    (36) statement_on -> . TkOn expression TkDosPuntos statement_list TkEnd
    (37) statement_on -> . TkOn TkDefault TkDosPuntos statement_list TkEnd

    TkEnd           shift and go to state 118
    TkOn            shift and go to state 98

    statement_on                   shift and go to state 119

state 95

    (6) bot_def -> tipo TkBot var_id_list TkEnd .

    TkExecute       reduce using rule 6 (bot_def -> tipo TkBot var_id_list TkEnd .)
    TkInt           reduce using rule 6 (bot_def -> tipo TkBot var_id_list TkEnd .)
    TkBool          reduce using rule 6 (bot_def -> tipo TkBot var_id_list TkEnd .)
    TkChar          reduce using rule 6 (bot_def -> tipo TkBot var_id_list TkEnd .)


state 96

    (10) var_id_list -> var_id_list TkComa . TkIdent

    TkIdent         shift and go to state 120


state 97

    (13) on_list -> statement_on .

    TkEnd           reduce using rule 13 (on_list -> statement_on .)
    TkOn            reduce using rule 13 (on_list -> statement_on .)


state 98

    (33) statement_on -> TkOn . TkActivation TkDosPuntos statement_list TkEnd
    (34) statement_on -> TkOn . TkDeactivation TkDosPuntos statement_list TkEnd
    (35) statement_on -> TkOn . TkDeactivate TkDosPuntos statement_list TkEnd
    (36) statement_on -> TkOn . expression TkDosPuntos statement_list TkEnd
    (37) statement_on -> TkOn . TkDefault TkDosPuntos statement_list TkEnd
    (14) expression -> . expression TkSuma expression
    (15) expression -> . expression TkResta expression
    (16) expression -> . expression TkMult expression
    (17) expression -> . expression TkDiv expression
    (18) expression -> . expression TkMod expression
    (19) expression -> . expression TkMenor expression
    (20) expression -> . expression TkMenorIgual expression
    (21) expression -> . expression TkMayor expression
    (22) expression -> . expression TkMayorIgual expression
    (23) expression -> . expression TkIgual expression
    (24) expression -> . expression TkDesigualdad expression
    (25) expression -> . expression TkConjuncion expression
    (26) expression -> . expression TkDisyuncion expression
    (27) expression -> . TkNegacion expression
    (28) expression -> . TkResta expression
    (29) expression -> . TkParAbre expression TkParCierra
    (60) expression -> . TkIdent
    (61) expression -> . TkNum
    (62) expression -> . TkCaracter
    (63) expression -> . TkTrue
    (64) expression -> . TkFalse

    TkActivation    shift and go to state 121
    TkDeactivation  shift and go to state 122
    TkDeactivate    shift and go to state 123
    TkDefault       shift and go to state 125
    TkNegacion      shift and go to state 33
    TkResta         shift and go to state 32
    TkParAbre       shift and go to state 34
    TkIdent         shift and go to state 35
    TkNum           shift and go to state 36
    TkCaracter      shift and go to state 37
    TkTrue          shift and go to state 38
    TkFalse         shift and go to state 39

    expression                     shift and go to state 124

state 99

    (30) statement -> TkIf expression TkDosPuntos statement_list . TkEnd
    (31) statement -> TkIf expression TkDosPuntos statement_list . TkElse statement_list TkEnd
    (38) statement_list -> statement_list . statement
    (30) statement -> . TkIf expression TkDosPuntos statement_list TkEnd
    (31) statement -> . TkIf expression TkDosPuntos statement_list TkElse statement_list TkEnd
    (32) statement -> . TkWhile expression TkDosPuntos statement_list TkEnd
    (40) statement -> . TkActivate var_list TkPunto
    (41) statement -> . TkDeactivate var_list TkPunto
    (42) statement -> . TkAdvance var_list TkPunto
    (43) statement -> . TkSend TkPunto
    (44) statement -> . TkRead TkPunto
    (45) statement -> . TkRead TkAs TkIdent TkPunto
    (46) statement -> . TkCollect TkPunto
    (47) statement -> . TkCollect TkAs TkIdent TkPunto
    (48) statement -> . TkDrop expression TkPunto
    (49) statement -> . TkLeft TkPunto
    (50) statement -> . TkRight TkPunto
    (51) statement -> . TkUp TkPunto
    (52) statement -> . TkDown TkPunto
    (53) statement -> . TkLeft expression TkPunto
    (54) statement -> . TkRight expression TkPunto
    (55) statement -> . TkUp expression TkPunto
    (56) statement -> . TkDown expression TkPunto
    (57) statement -> . TkStore expression TkPunto

    TkEnd           shift and go to state 126
    TkElse          shift and go to state 127
    TkIf            shift and go to state 12
    TkWhile         shift and go to state 13
    TkActivate      shift and go to state 14
    TkDeactivate    shift and go to state 15
    TkAdvance       shift and go to state 16
    TkSend          shift and go to state 17
    TkRead          shift and go to state 18
    TkCollect       shift and go to state 19
    TkDrop          shift and go to state 20
    TkLeft          shift and go to state 21
    TkRight         shift and go to state 22
    TkUp            shift and go to state 23
    TkDown          shift and go to state 24
    TkStore         shift and go to state 25

    statement                      shift and go to state 30

state 100

    (14) expression -> expression TkSuma expression .
    (14) expression -> expression . TkSuma expression
    (15) expression -> expression . TkResta expression
    (16) expression -> expression . TkMult expression
    (17) expression -> expression . TkDiv expression
    (18) expression -> expression . TkMod expression
    (19) expression -> expression . TkMenor expression
    (20) expression -> expression . TkMenorIgual expression
    (21) expression -> expression . TkMayor expression
    (22) expression -> expression . TkMayorIgual expression
    (23) expression -> expression . TkIgual expression
    (24) expression -> expression . TkDesigualdad expression
    (25) expression -> expression . TkConjuncion expression
    (26) expression -> expression . TkDisyuncion expression

    TkDosPuntos     reduce using rule 14 (expression -> expression TkSuma expression .)
    TkSuma          reduce using rule 14 (expression -> expression TkSuma expression .)
    TkResta         reduce using rule 14 (expression -> expression TkSuma expression .)
    TkMenor         reduce using rule 14 (expression -> expression TkSuma expression .)
    TkMenorIgual    reduce using rule 14 (expression -> expression TkSuma expression .)
    TkMayor         reduce using rule 14 (expression -> expression TkSuma expression .)
    TkMayorIgual    reduce using rule 14 (expression -> expression TkSuma expression .)
    TkIgual         reduce using rule 14 (expression -> expression TkSuma expression .)
    TkDesigualdad   reduce using rule 14 (expression -> expression TkSuma expression .)
    TkConjuncion    reduce using rule 14 (expression -> expression TkSuma expression .)
    TkDisyuncion    reduce using rule 14 (expression -> expression TkSuma expression .)
    TkPunto         reduce using rule 14 (expression -> expression TkSuma expression .)
    TkComa          reduce using rule 14 (expression -> expression TkSuma expression .)
    TkParCierra     reduce using rule 14 (expression -> expression TkSuma expression .)
    TkMult          shift and go to state 66
    TkDiv           shift and go to state 67
    TkMod           shift and go to state 68

  ! TkMult          [ reduce using rule 14 (expression -> expression TkSuma expression .) ]
  ! TkDiv           [ reduce using rule 14 (expression -> expression TkSuma expression .) ]
  ! TkMod           [ reduce using rule 14 (expression -> expression TkSuma expression .) ]
  ! TkSuma          [ shift and go to state 64 ]
  ! TkResta         [ shift and go to state 65 ]
  ! TkMenor         [ shift and go to state 69 ]
  ! TkMenorIgual    [ shift and go to state 70 ]
  ! TkMayor         [ shift and go to state 71 ]
  ! TkMayorIgual    [ shift and go to state 72 ]
  ! TkIgual         [ shift and go to state 73 ]
  ! TkDesigualdad   [ shift and go to state 74 ]
  ! TkConjuncion    [ shift and go to state 75 ]
  ! TkDisyuncion    [ shift and go to state 76 ]


state 101

    (15) expression -> expression TkResta expression .
    (14) expression -> expression . TkSuma expression
    (15) expression -> expression . TkResta expression
    (16) expression -> expression . TkMult expression
    (17) expression -> expression . TkDiv expression
    (18) expression -> expression . TkMod expression
    (19) expression -> expression . TkMenor expression
    (20) expression -> expression . TkMenorIgual expression
    (21) expression -> expression . TkMayor expression
    (22) expression -> expression . TkMayorIgual expression
    (23) expression -> expression . TkIgual expression
    (24) expression -> expression . TkDesigualdad expression
    (25) expression -> expression . TkConjuncion expression
    (26) expression -> expression . TkDisyuncion expression

    TkDosPuntos     reduce using rule 15 (expression -> expression TkResta expression .)
    TkSuma          reduce using rule 15 (expression -> expression TkResta expression .)
    TkResta         reduce using rule 15 (expression -> expression TkResta expression .)
    TkMenor         reduce using rule 15 (expression -> expression TkResta expression .)
    TkMenorIgual    reduce using rule 15 (expression -> expression TkResta expression .)
    TkMayor         reduce using rule 15 (expression -> expression TkResta expression .)
    TkMayorIgual    reduce using rule 15 (expression -> expression TkResta expression .)
    TkIgual         reduce using rule 15 (expression -> expression TkResta expression .)
    TkDesigualdad   reduce using rule 15 (expression -> expression TkResta expression .)
    TkConjuncion    reduce using rule 15 (expression -> expression TkResta expression .)
    TkDisyuncion    reduce using rule 15 (expression -> expression TkResta expression .)
    TkPunto         reduce using rule 15 (expression -> expression TkResta expression .)
    TkComa          reduce using rule 15 (expression -> expression TkResta expression .)
    TkParCierra     reduce using rule 15 (expression -> expression TkResta expression .)
    TkMult          shift and go to state 66
    TkDiv           shift and go to state 67
    TkMod           shift and go to state 68

  ! TkMult          [ reduce using rule 15 (expression -> expression TkResta expression .) ]
  ! TkDiv           [ reduce using rule 15 (expression -> expression TkResta expression .) ]
  ! TkMod           [ reduce using rule 15 (expression -> expression TkResta expression .) ]
  ! TkSuma          [ shift and go to state 64 ]
  ! TkResta         [ shift and go to state 65 ]
  ! TkMenor         [ shift and go to state 69 ]
  ! TkMenorIgual    [ shift and go to state 70 ]
  ! TkMayor         [ shift and go to state 71 ]
  ! TkMayorIgual    [ shift and go to state 72 ]
  ! TkIgual         [ shift and go to state 73 ]
  ! TkDesigualdad   [ shift and go to state 74 ]
  ! TkConjuncion    [ shift and go to state 75 ]
  ! TkDisyuncion    [ shift and go to state 76 ]


state 102

    (16) expression -> expression TkMult expression .
    (14) expression -> expression . TkSuma expression
    (15) expression -> expression . TkResta expression
    (16) expression -> expression . TkMult expression
    (17) expression -> expression . TkDiv expression
    (18) expression -> expression . TkMod expression
    (19) expression -> expression . TkMenor expression
    (20) expression -> expression . TkMenorIgual expression
    (21) expression -> expression . TkMayor expression
    (22) expression -> expression . TkMayorIgual expression
    (23) expression -> expression . TkIgual expression
    (24) expression -> expression . TkDesigualdad expression
    (25) expression -> expression . TkConjuncion expression
    (26) expression -> expression . TkDisyuncion expression

    TkDosPuntos     reduce using rule 16 (expression -> expression TkMult expression .)
    TkSuma          reduce using rule 16 (expression -> expression TkMult expression .)
    TkResta         reduce using rule 16 (expression -> expression TkMult expression .)
    TkMult          reduce using rule 16 (expression -> expression TkMult expression .)
    TkDiv           reduce using rule 16 (expression -> expression TkMult expression .)
    TkMod           reduce using rule 16 (expression -> expression TkMult expression .)
    TkMenor         reduce using rule 16 (expression -> expression TkMult expression .)
    TkMenorIgual    reduce using rule 16 (expression -> expression TkMult expression .)
    TkMayor         reduce using rule 16 (expression -> expression TkMult expression .)
    TkMayorIgual    reduce using rule 16 (expression -> expression TkMult expression .)
    TkIgual         reduce using rule 16 (expression -> expression TkMult expression .)
    TkDesigualdad   reduce using rule 16 (expression -> expression TkMult expression .)
    TkConjuncion    reduce using rule 16 (expression -> expression TkMult expression .)
    TkDisyuncion    reduce using rule 16 (expression -> expression TkMult expression .)
    TkPunto         reduce using rule 16 (expression -> expression TkMult expression .)
    TkComa          reduce using rule 16 (expression -> expression TkMult expression .)
    TkParCierra     reduce using rule 16 (expression -> expression TkMult expression .)

  ! TkSuma          [ shift and go to state 64 ]
  ! TkResta         [ shift and go to state 65 ]
  ! TkMult          [ shift and go to state 66 ]
  ! TkDiv           [ shift and go to state 67 ]
  ! TkMod           [ shift and go to state 68 ]
  ! TkMenor         [ shift and go to state 69 ]
  ! TkMenorIgual    [ shift and go to state 70 ]
  ! TkMayor         [ shift and go to state 71 ]
  ! TkMayorIgual    [ shift and go to state 72 ]
  ! TkIgual         [ shift and go to state 73 ]
  ! TkDesigualdad   [ shift and go to state 74 ]
  ! TkConjuncion    [ shift and go to state 75 ]
  ! TkDisyuncion    [ shift and go to state 76 ]


state 103

    (17) expression -> expression TkDiv expression .
    (14) expression -> expression . TkSuma expression
    (15) expression -> expression . TkResta expression
    (16) expression -> expression . TkMult expression
    (17) expression -> expression . TkDiv expression
    (18) expression -> expression . TkMod expression
    (19) expression -> expression . TkMenor expression
    (20) expression -> expression . TkMenorIgual expression
    (21) expression -> expression . TkMayor expression
    (22) expression -> expression . TkMayorIgual expression
    (23) expression -> expression . TkIgual expression
    (24) expression -> expression . TkDesigualdad expression
    (25) expression -> expression . TkConjuncion expression
    (26) expression -> expression . TkDisyuncion expression

    TkDosPuntos     reduce using rule 17 (expression -> expression TkDiv expression .)
    TkSuma          reduce using rule 17 (expression -> expression TkDiv expression .)
    TkResta         reduce using rule 17 (expression -> expression TkDiv expression .)
    TkMult          reduce using rule 17 (expression -> expression TkDiv expression .)
    TkDiv           reduce using rule 17 (expression -> expression TkDiv expression .)
    TkMod           reduce using rule 17 (expression -> expression TkDiv expression .)
    TkMenor         reduce using rule 17 (expression -> expression TkDiv expression .)
    TkMenorIgual    reduce using rule 17 (expression -> expression TkDiv expression .)
    TkMayor         reduce using rule 17 (expression -> expression TkDiv expression .)
    TkMayorIgual    reduce using rule 17 (expression -> expression TkDiv expression .)
    TkIgual         reduce using rule 17 (expression -> expression TkDiv expression .)
    TkDesigualdad   reduce using rule 17 (expression -> expression TkDiv expression .)
    TkConjuncion    reduce using rule 17 (expression -> expression TkDiv expression .)
    TkDisyuncion    reduce using rule 17 (expression -> expression TkDiv expression .)
    TkPunto         reduce using rule 17 (expression -> expression TkDiv expression .)
    TkComa          reduce using rule 17 (expression -> expression TkDiv expression .)
    TkParCierra     reduce using rule 17 (expression -> expression TkDiv expression .)

  ! TkSuma          [ shift and go to state 64 ]
  ! TkResta         [ shift and go to state 65 ]
  ! TkMult          [ shift and go to state 66 ]
  ! TkDiv           [ shift and go to state 67 ]
  ! TkMod           [ shift and go to state 68 ]
  ! TkMenor         [ shift and go to state 69 ]
  ! TkMenorIgual    [ shift and go to state 70 ]
  ! TkMayor         [ shift and go to state 71 ]
  ! TkMayorIgual    [ shift and go to state 72 ]
  ! TkIgual         [ shift and go to state 73 ]
  ! TkDesigualdad   [ shift and go to state 74 ]
  ! TkConjuncion    [ shift and go to state 75 ]
  ! TkDisyuncion    [ shift and go to state 76 ]


state 104

    (18) expression -> expression TkMod expression .
    (14) expression -> expression . TkSuma expression
    (15) expression -> expression . TkResta expression
    (16) expression -> expression . TkMult expression
    (17) expression -> expression . TkDiv expression
    (18) expression -> expression . TkMod expression
    (19) expression -> expression . TkMenor expression
    (20) expression -> expression . TkMenorIgual expression
    (21) expression -> expression . TkMayor expression
    (22) expression -> expression . TkMayorIgual expression
    (23) expression -> expression . TkIgual expression
    (24) expression -> expression . TkDesigualdad expression
    (25) expression -> expression . TkConjuncion expression
    (26) expression -> expression . TkDisyuncion expression

    TkDosPuntos     reduce using rule 18 (expression -> expression TkMod expression .)
    TkSuma          reduce using rule 18 (expression -> expression TkMod expression .)
    TkResta         reduce using rule 18 (expression -> expression TkMod expression .)
    TkMult          reduce using rule 18 (expression -> expression TkMod expression .)
    TkDiv           reduce using rule 18 (expression -> expression TkMod expression .)
    TkMod           reduce using rule 18 (expression -> expression TkMod expression .)
    TkMenor         reduce using rule 18 (expression -> expression TkMod expression .)
    TkMenorIgual    reduce using rule 18 (expression -> expression TkMod expression .)
    TkMayor         reduce using rule 18 (expression -> expression TkMod expression .)
    TkMayorIgual    reduce using rule 18 (expression -> expression TkMod expression .)
    TkIgual         reduce using rule 18 (expression -> expression TkMod expression .)
    TkDesigualdad   reduce using rule 18 (expression -> expression TkMod expression .)
    TkConjuncion    reduce using rule 18 (expression -> expression TkMod expression .)
    TkDisyuncion    reduce using rule 18 (expression -> expression TkMod expression .)
    TkPunto         reduce using rule 18 (expression -> expression TkMod expression .)
    TkComa          reduce using rule 18 (expression -> expression TkMod expression .)
    TkParCierra     reduce using rule 18 (expression -> expression TkMod expression .)

  ! TkSuma          [ shift and go to state 64 ]
  ! TkResta         [ shift and go to state 65 ]
  ! TkMult          [ shift and go to state 66 ]
  ! TkDiv           [ shift and go to state 67 ]
  ! TkMod           [ shift and go to state 68 ]
  ! TkMenor         [ shift and go to state 69 ]
  ! TkMenorIgual    [ shift and go to state 70 ]
  ! TkMayor         [ shift and go to state 71 ]
  ! TkMayorIgual    [ shift and go to state 72 ]
  ! TkIgual         [ shift and go to state 73 ]
  ! TkDesigualdad   [ shift and go to state 74 ]
  ! TkConjuncion    [ shift and go to state 75 ]
  ! TkDisyuncion    [ shift and go to state 76 ]


state 105

    (19) expression -> expression TkMenor expression .
    (14) expression -> expression . TkSuma expression
    (15) expression -> expression . TkResta expression
    (16) expression -> expression . TkMult expression
    (17) expression -> expression . TkDiv expression
    (18) expression -> expression . TkMod expression
    (19) expression -> expression . TkMenor expression
    (20) expression -> expression . TkMenorIgual expression
    (21) expression -> expression . TkMayor expression
    (22) expression -> expression . TkMayorIgual expression
    (23) expression -> expression . TkIgual expression
    (24) expression -> expression . TkDesigualdad expression
    (25) expression -> expression . TkConjuncion expression
    (26) expression -> expression . TkDisyuncion expression

    TkDosPuntos     reduce using rule 19 (expression -> expression TkMenor expression .)
    TkMenor         reduce using rule 19 (expression -> expression TkMenor expression .)
    TkMenorIgual    reduce using rule 19 (expression -> expression TkMenor expression .)
    TkMayor         reduce using rule 19 (expression -> expression TkMenor expression .)
    TkMayorIgual    reduce using rule 19 (expression -> expression TkMenor expression .)
    TkIgual         reduce using rule 19 (expression -> expression TkMenor expression .)
    TkDesigualdad   reduce using rule 19 (expression -> expression TkMenor expression .)
    TkConjuncion    reduce using rule 19 (expression -> expression TkMenor expression .)
    TkDisyuncion    reduce using rule 19 (expression -> expression TkMenor expression .)
    TkPunto         reduce using rule 19 (expression -> expression TkMenor expression .)
    TkComa          reduce using rule 19 (expression -> expression TkMenor expression .)
    TkParCierra     reduce using rule 19 (expression -> expression TkMenor expression .)
    TkSuma          shift and go to state 64
    TkResta         shift and go to state 65
    TkMult          shift and go to state 66
    TkDiv           shift and go to state 67
    TkMod           shift and go to state 68

  ! TkSuma          [ reduce using rule 19 (expression -> expression TkMenor expression .) ]
  ! TkResta         [ reduce using rule 19 (expression -> expression TkMenor expression .) ]
  ! TkMult          [ reduce using rule 19 (expression -> expression TkMenor expression .) ]
  ! TkDiv           [ reduce using rule 19 (expression -> expression TkMenor expression .) ]
  ! TkMod           [ reduce using rule 19 (expression -> expression TkMenor expression .) ]
  ! TkMenor         [ shift and go to state 69 ]
  ! TkMenorIgual    [ shift and go to state 70 ]
  ! TkMayor         [ shift and go to state 71 ]
  ! TkMayorIgual    [ shift and go to state 72 ]
  ! TkIgual         [ shift and go to state 73 ]
  ! TkDesigualdad   [ shift and go to state 74 ]
  ! TkConjuncion    [ shift and go to state 75 ]
  ! TkDisyuncion    [ shift and go to state 76 ]


state 106

    (20) expression -> expression TkMenorIgual expression .
    (14) expression -> expression . TkSuma expression
    (15) expression -> expression . TkResta expression
    (16) expression -> expression . TkMult expression
    (17) expression -> expression . TkDiv expression
    (18) expression -> expression . TkMod expression
    (19) expression -> expression . TkMenor expression
    (20) expression -> expression . TkMenorIgual expression
    (21) expression -> expression . TkMayor expression
    (22) expression -> expression . TkMayorIgual expression
    (23) expression -> expression . TkIgual expression
    (24) expression -> expression . TkDesigualdad expression
    (25) expression -> expression . TkConjuncion expression
    (26) expression -> expression . TkDisyuncion expression

    TkDosPuntos     reduce using rule 20 (expression -> expression TkMenorIgual expression .)
    TkMenor         reduce using rule 20 (expression -> expression TkMenorIgual expression .)
    TkMenorIgual    reduce using rule 20 (expression -> expression TkMenorIgual expression .)
    TkMayor         reduce using rule 20 (expression -> expression TkMenorIgual expression .)
    TkMayorIgual    reduce using rule 20 (expression -> expression TkMenorIgual expression .)
    TkIgual         reduce using rule 20 (expression -> expression TkMenorIgual expression .)
    TkDesigualdad   reduce using rule 20 (expression -> expression TkMenorIgual expression .)
    TkConjuncion    reduce using rule 20 (expression -> expression TkMenorIgual expression .)
    TkDisyuncion    reduce using rule 20 (expression -> expression TkMenorIgual expression .)
    TkPunto         reduce using rule 20 (expression -> expression TkMenorIgual expression .)
    TkComa          reduce using rule 20 (expression -> expression TkMenorIgual expression .)
    TkParCierra     reduce using rule 20 (expression -> expression TkMenorIgual expression .)
    TkSuma          shift and go to state 64
    TkResta         shift and go to state 65
    TkMult          shift and go to state 66
    TkDiv           shift and go to state 67
    TkMod           shift and go to state 68

  ! TkSuma          [ reduce using rule 20 (expression -> expression TkMenorIgual expression .) ]
  ! TkResta         [ reduce using rule 20 (expression -> expression TkMenorIgual expression .) ]
  ! TkMult          [ reduce using rule 20 (expression -> expression TkMenorIgual expression .) ]
  ! TkDiv           [ reduce using rule 20 (expression -> expression TkMenorIgual expression .) ]
  ! TkMod           [ reduce using rule 20 (expression -> expression TkMenorIgual expression .) ]
  ! TkMenor         [ shift and go to state 69 ]
  ! TkMenorIgual    [ shift and go to state 70 ]
  ! TkMayor         [ shift and go to state 71 ]
  ! TkMayorIgual    [ shift and go to state 72 ]
  ! TkIgual         [ shift and go to state 73 ]
  ! TkDesigualdad   [ shift and go to state 74 ]
  ! TkConjuncion    [ shift and go to state 75 ]
  ! TkDisyuncion    [ shift and go to state 76 ]


state 107

    (21) expression -> expression TkMayor expression .
    (14) expression -> expression . TkSuma expression
    (15) expression -> expression . TkResta expression
    (16) expression -> expression . TkMult expression
    (17) expression -> expression . TkDiv expression
    (18) expression -> expression . TkMod expression
    (19) expression -> expression . TkMenor expression
    (20) expression -> expression . TkMenorIgual expression
    (21) expression -> expression . TkMayor expression
    (22) expression -> expression . TkMayorIgual expression
    (23) expression -> expression . TkIgual expression
    (24) expression -> expression . TkDesigualdad expression
    (25) expression -> expression . TkConjuncion expression
    (26) expression -> expression . TkDisyuncion expression

    TkDosPuntos     reduce using rule 21 (expression -> expression TkMayor expression .)
    TkMenor         reduce using rule 21 (expression -> expression TkMayor expression .)
    TkMenorIgual    reduce using rule 21 (expression -> expression TkMayor expression .)
    TkMayor         reduce using rule 21 (expression -> expression TkMayor expression .)
    TkMayorIgual    reduce using rule 21 (expression -> expression TkMayor expression .)
    TkIgual         reduce using rule 21 (expression -> expression TkMayor expression .)
    TkDesigualdad   reduce using rule 21 (expression -> expression TkMayor expression .)
    TkConjuncion    reduce using rule 21 (expression -> expression TkMayor expression .)
    TkDisyuncion    reduce using rule 21 (expression -> expression TkMayor expression .)
    TkPunto         reduce using rule 21 (expression -> expression TkMayor expression .)
    TkComa          reduce using rule 21 (expression -> expression TkMayor expression .)
    TkParCierra     reduce using rule 21 (expression -> expression TkMayor expression .)
    TkSuma          shift and go to state 64
    TkResta         shift and go to state 65
    TkMult          shift and go to state 66
    TkDiv           shift and go to state 67
    TkMod           shift and go to state 68

  ! TkSuma          [ reduce using rule 21 (expression -> expression TkMayor expression .) ]
  ! TkResta         [ reduce using rule 21 (expression -> expression TkMayor expression .) ]
  ! TkMult          [ reduce using rule 21 (expression -> expression TkMayor expression .) ]
  ! TkDiv           [ reduce using rule 21 (expression -> expression TkMayor expression .) ]
  ! TkMod           [ reduce using rule 21 (expression -> expression TkMayor expression .) ]
  ! TkMenor         [ shift and go to state 69 ]
  ! TkMenorIgual    [ shift and go to state 70 ]
  ! TkMayor         [ shift and go to state 71 ]
  ! TkMayorIgual    [ shift and go to state 72 ]
  ! TkIgual         [ shift and go to state 73 ]
  ! TkDesigualdad   [ shift and go to state 74 ]
  ! TkConjuncion    [ shift and go to state 75 ]
  ! TkDisyuncion    [ shift and go to state 76 ]


state 108

    (22) expression -> expression TkMayorIgual expression .
    (14) expression -> expression . TkSuma expression
    (15) expression -> expression . TkResta expression
    (16) expression -> expression . TkMult expression
    (17) expression -> expression . TkDiv expression
    (18) expression -> expression . TkMod expression
    (19) expression -> expression . TkMenor expression
    (20) expression -> expression . TkMenorIgual expression
    (21) expression -> expression . TkMayor expression
    (22) expression -> expression . TkMayorIgual expression
    (23) expression -> expression . TkIgual expression
    (24) expression -> expression . TkDesigualdad expression
    (25) expression -> expression . TkConjuncion expression
    (26) expression -> expression . TkDisyuncion expression

    TkDosPuntos     reduce using rule 22 (expression -> expression TkMayorIgual expression .)
    TkMenor         reduce using rule 22 (expression -> expression TkMayorIgual expression .)
    TkMenorIgual    reduce using rule 22 (expression -> expression TkMayorIgual expression .)
    TkMayor         reduce using rule 22 (expression -> expression TkMayorIgual expression .)
    TkMayorIgual    reduce using rule 22 (expression -> expression TkMayorIgual expression .)
    TkIgual         reduce using rule 22 (expression -> expression TkMayorIgual expression .)
    TkDesigualdad   reduce using rule 22 (expression -> expression TkMayorIgual expression .)
    TkConjuncion    reduce using rule 22 (expression -> expression TkMayorIgual expression .)
    TkDisyuncion    reduce using rule 22 (expression -> expression TkMayorIgual expression .)
    TkPunto         reduce using rule 22 (expression -> expression TkMayorIgual expression .)
    TkComa          reduce using rule 22 (expression -> expression TkMayorIgual expression .)
    TkParCierra     reduce using rule 22 (expression -> expression TkMayorIgual expression .)
    TkSuma          shift and go to state 64
    TkResta         shift and go to state 65
    TkMult          shift and go to state 66
    TkDiv           shift and go to state 67
    TkMod           shift and go to state 68

  ! TkSuma          [ reduce using rule 22 (expression -> expression TkMayorIgual expression .) ]
  ! TkResta         [ reduce using rule 22 (expression -> expression TkMayorIgual expression .) ]
  ! TkMult          [ reduce using rule 22 (expression -> expression TkMayorIgual expression .) ]
  ! TkDiv           [ reduce using rule 22 (expression -> expression TkMayorIgual expression .) ]
  ! TkMod           [ reduce using rule 22 (expression -> expression TkMayorIgual expression .) ]
  ! TkMenor         [ shift and go to state 69 ]
  ! TkMenorIgual    [ shift and go to state 70 ]
  ! TkMayor         [ shift and go to state 71 ]
  ! TkMayorIgual    [ shift and go to state 72 ]
  ! TkIgual         [ shift and go to state 73 ]
  ! TkDesigualdad   [ shift and go to state 74 ]
  ! TkConjuncion    [ shift and go to state 75 ]
  ! TkDisyuncion    [ shift and go to state 76 ]


state 109

    (23) expression -> expression TkIgual expression .
    (14) expression -> expression . TkSuma expression
    (15) expression -> expression . TkResta expression
    (16) expression -> expression . TkMult expression
    (17) expression -> expression . TkDiv expression
    (18) expression -> expression . TkMod expression
    (19) expression -> expression . TkMenor expression
    (20) expression -> expression . TkMenorIgual expression
    (21) expression -> expression . TkMayor expression
    (22) expression -> expression . TkMayorIgual expression
    (23) expression -> expression . TkIgual expression
    (24) expression -> expression . TkDesigualdad expression
    (25) expression -> expression . TkConjuncion expression
    (26) expression -> expression . TkDisyuncion expression

    TkDosPuntos     reduce using rule 23 (expression -> expression TkIgual expression .)
    TkMenor         reduce using rule 23 (expression -> expression TkIgual expression .)
    TkMenorIgual    reduce using rule 23 (expression -> expression TkIgual expression .)
    TkMayor         reduce using rule 23 (expression -> expression TkIgual expression .)
    TkMayorIgual    reduce using rule 23 (expression -> expression TkIgual expression .)
    TkIgual         reduce using rule 23 (expression -> expression TkIgual expression .)
    TkDesigualdad   reduce using rule 23 (expression -> expression TkIgual expression .)
    TkConjuncion    reduce using rule 23 (expression -> expression TkIgual expression .)
    TkDisyuncion    reduce using rule 23 (expression -> expression TkIgual expression .)
    TkPunto         reduce using rule 23 (expression -> expression TkIgual expression .)
    TkComa          reduce using rule 23 (expression -> expression TkIgual expression .)
    TkParCierra     reduce using rule 23 (expression -> expression TkIgual expression .)
    TkSuma          shift and go to state 64
    TkResta         shift and go to state 65
    TkMult          shift and go to state 66
    TkDiv           shift and go to state 67
    TkMod           shift and go to state 68

  ! TkSuma          [ reduce using rule 23 (expression -> expression TkIgual expression .) ]
  ! TkResta         [ reduce using rule 23 (expression -> expression TkIgual expression .) ]
  ! TkMult          [ reduce using rule 23 (expression -> expression TkIgual expression .) ]
  ! TkDiv           [ reduce using rule 23 (expression -> expression TkIgual expression .) ]
  ! TkMod           [ reduce using rule 23 (expression -> expression TkIgual expression .) ]
  ! TkMenor         [ shift and go to state 69 ]
  ! TkMenorIgual    [ shift and go to state 70 ]
  ! TkMayor         [ shift and go to state 71 ]
  ! TkMayorIgual    [ shift and go to state 72 ]
  ! TkIgual         [ shift and go to state 73 ]
  ! TkDesigualdad   [ shift and go to state 74 ]
  ! TkConjuncion    [ shift and go to state 75 ]
  ! TkDisyuncion    [ shift and go to state 76 ]


state 110

    (24) expression -> expression TkDesigualdad expression .
    (14) expression -> expression . TkSuma expression
    (15) expression -> expression . TkResta expression
    (16) expression -> expression . TkMult expression
    (17) expression -> expression . TkDiv expression
    (18) expression -> expression . TkMod expression
    (19) expression -> expression . TkMenor expression
    (20) expression -> expression . TkMenorIgual expression
    (21) expression -> expression . TkMayor expression
    (22) expression -> expression . TkMayorIgual expression
    (23) expression -> expression . TkIgual expression
    (24) expression -> expression . TkDesigualdad expression
    (25) expression -> expression . TkConjuncion expression
    (26) expression -> expression . TkDisyuncion expression

    TkDosPuntos     reduce using rule 24 (expression -> expression TkDesigualdad expression .)
    TkMenor         reduce using rule 24 (expression -> expression TkDesigualdad expression .)
    TkMenorIgual    reduce using rule 24 (expression -> expression TkDesigualdad expression .)
    TkMayor         reduce using rule 24 (expression -> expression TkDesigualdad expression .)
    TkMayorIgual    reduce using rule 24 (expression -> expression TkDesigualdad expression .)
    TkIgual         reduce using rule 24 (expression -> expression TkDesigualdad expression .)
    TkDesigualdad   reduce using rule 24 (expression -> expression TkDesigualdad expression .)
    TkConjuncion    reduce using rule 24 (expression -> expression TkDesigualdad expression .)
    TkDisyuncion    reduce using rule 24 (expression -> expression TkDesigualdad expression .)
    TkPunto         reduce using rule 24 (expression -> expression TkDesigualdad expression .)
    TkComa          reduce using rule 24 (expression -> expression TkDesigualdad expression .)
    TkParCierra     reduce using rule 24 (expression -> expression TkDesigualdad expression .)
    TkSuma          shift and go to state 64
    TkResta         shift and go to state 65
    TkMult          shift and go to state 66
    TkDiv           shift and go to state 67
    TkMod           shift and go to state 68

  ! TkSuma          [ reduce using rule 24 (expression -> expression TkDesigualdad expression .) ]
  ! TkResta         [ reduce using rule 24 (expression -> expression TkDesigualdad expression .) ]
  ! TkMult          [ reduce using rule 24 (expression -> expression TkDesigualdad expression .) ]
  ! TkDiv           [ reduce using rule 24 (expression -> expression TkDesigualdad expression .) ]
  ! TkMod           [ reduce using rule 24 (expression -> expression TkDesigualdad expression .) ]
  ! TkMenor         [ shift and go to state 69 ]
  ! TkMenorIgual    [ shift and go to state 70 ]
  ! TkMayor         [ shift and go to state 71 ]
  ! TkMayorIgual    [ shift and go to state 72 ]
  ! TkIgual         [ shift and go to state 73 ]
  ! TkDesigualdad   [ shift and go to state 74 ]
  ! TkConjuncion    [ shift and go to state 75 ]
  ! TkDisyuncion    [ shift and go to state 76 ]


state 111

    (25) expression -> expression TkConjuncion expression .
    (14) expression -> expression . TkSuma expression
    (15) expression -> expression . TkResta expression
    (16) expression -> expression . TkMult expression
    (17) expression -> expression . TkDiv expression
    (18) expression -> expression . TkMod expression
    (19) expression -> expression . TkMenor expression
    (20) expression -> expression . TkMenorIgual expression
    (21) expression -> expression . TkMayor expression
    (22) expression -> expression . TkMayorIgual expression
    (23) expression -> expression . TkIgual expression
    (24) expression -> expression . TkDesigualdad expression
    (25) expression -> expression . TkConjuncion expression
    (26) expression -> expression . TkDisyuncion expression

    TkDosPuntos     reduce using rule 25 (expression -> expression TkConjuncion expression .)
    TkConjuncion    reduce using rule 25 (expression -> expression TkConjuncion expression .)
    TkDisyuncion    reduce using rule 25 (expression -> expression TkConjuncion expression .)
    TkPunto         reduce using rule 25 (expression -> expression TkConjuncion expression .)
    TkComa          reduce using rule 25 (expression -> expression TkConjuncion expression .)
    TkParCierra     reduce using rule 25 (expression -> expression TkConjuncion expression .)
    TkSuma          shift and go to state 64
    TkResta         shift and go to state 65
    TkMult          shift and go to state 66
    TkDiv           shift and go to state 67
    TkMod           shift and go to state 68
    TkMenor         shift and go to state 69
    TkMenorIgual    shift and go to state 70
    TkMayor         shift and go to state 71
    TkMayorIgual    shift and go to state 72
    TkIgual         shift and go to state 73
    TkDesigualdad   shift and go to state 74

  ! TkSuma          [ reduce using rule 25 (expression -> expression TkConjuncion expression .) ]
  ! TkResta         [ reduce using rule 25 (expression -> expression TkConjuncion expression .) ]
  ! TkMult          [ reduce using rule 25 (expression -> expression TkConjuncion expression .) ]
  ! TkDiv           [ reduce using rule 25 (expression -> expression TkConjuncion expression .) ]
  ! TkMod           [ reduce using rule 25 (expression -> expression TkConjuncion expression .) ]
  ! TkMenor         [ reduce using rule 25 (expression -> expression TkConjuncion expression .) ]
  ! TkMenorIgual    [ reduce using rule 25 (expression -> expression TkConjuncion expression .) ]
  ! TkMayor         [ reduce using rule 25 (expression -> expression TkConjuncion expression .) ]
  ! TkMayorIgual    [ reduce using rule 25 (expression -> expression TkConjuncion expression .) ]
  ! TkIgual         [ reduce using rule 25 (expression -> expression TkConjuncion expression .) ]
  ! TkDesigualdad   [ reduce using rule 25 (expression -> expression TkConjuncion expression .) ]
  ! TkConjuncion    [ shift and go to state 75 ]
  ! TkDisyuncion    [ shift and go to state 76 ]


state 112

    (26) expression -> expression TkDisyuncion expression .
    (14) expression -> expression . TkSuma expression
    (15) expression -> expression . TkResta expression
    (16) expression -> expression . TkMult expression
    (17) expression -> expression . TkDiv expression
    (18) expression -> expression . TkMod expression
    (19) expression -> expression . TkMenor expression
    (20) expression -> expression . TkMenorIgual expression
    (21) expression -> expression . TkMayor expression
    (22) expression -> expression . TkMayorIgual expression
    (23) expression -> expression . TkIgual expression
    (24) expression -> expression . TkDesigualdad expression
    (25) expression -> expression . TkConjuncion expression
    (26) expression -> expression . TkDisyuncion expression

    TkDosPuntos     reduce using rule 26 (expression -> expression TkDisyuncion expression .)
    TkDisyuncion    reduce using rule 26 (expression -> expression TkDisyuncion expression .)
    TkPunto         reduce using rule 26 (expression -> expression TkDisyuncion expression .)
    TkComa          reduce using rule 26 (expression -> expression TkDisyuncion expression .)
    TkParCierra     reduce using rule 26 (expression -> expression TkDisyuncion expression .)
    TkSuma          shift and go to state 64
    TkResta         shift and go to state 65
    TkMult          shift and go to state 66
    TkDiv           shift and go to state 67
    TkMod           shift and go to state 68
    TkMenor         shift and go to state 69
    TkMenorIgual    shift and go to state 70
    TkMayor         shift and go to state 71
    TkMayorIgual    shift and go to state 72
    TkIgual         shift and go to state 73
    TkDesigualdad   shift and go to state 74
    TkConjuncion    shift and go to state 75

  ! TkSuma          [ reduce using rule 26 (expression -> expression TkDisyuncion expression .) ]
  ! TkResta         [ reduce using rule 26 (expression -> expression TkDisyuncion expression .) ]
  ! TkMult          [ reduce using rule 26 (expression -> expression TkDisyuncion expression .) ]
  ! TkDiv           [ reduce using rule 26 (expression -> expression TkDisyuncion expression .) ]
  ! TkMod           [ reduce using rule 26 (expression -> expression TkDisyuncion expression .) ]
  ! TkMenor         [ reduce using rule 26 (expression -> expression TkDisyuncion expression .) ]
  ! TkMenorIgual    [ reduce using rule 26 (expression -> expression TkDisyuncion expression .) ]
  ! TkMayor         [ reduce using rule 26 (expression -> expression TkDisyuncion expression .) ]
  ! TkMayorIgual    [ reduce using rule 26 (expression -> expression TkDisyuncion expression .) ]
  ! TkIgual         [ reduce using rule 26 (expression -> expression TkDisyuncion expression .) ]
  ! TkDesigualdad   [ reduce using rule 26 (expression -> expression TkDisyuncion expression .) ]
  ! TkConjuncion    [ reduce using rule 26 (expression -> expression TkDisyuncion expression .) ]
  ! TkDisyuncion    [ shift and go to state 76 ]


state 113

    (29) expression -> TkParAbre expression TkParCierra .

    TkDosPuntos     reduce using rule 29 (expression -> TkParAbre expression TkParCierra .)
    TkSuma          reduce using rule 29 (expression -> TkParAbre expression TkParCierra .)
    TkResta         reduce using rule 29 (expression -> TkParAbre expression TkParCierra .)
    TkMult          reduce using rule 29 (expression -> TkParAbre expression TkParCierra .)
    TkDiv           reduce using rule 29 (expression -> TkParAbre expression TkParCierra .)
    TkMod           reduce using rule 29 (expression -> TkParAbre expression TkParCierra .)
    TkMenor         reduce using rule 29 (expression -> TkParAbre expression TkParCierra .)
    TkMenorIgual    reduce using rule 29 (expression -> TkParAbre expression TkParCierra .)
    TkMayor         reduce using rule 29 (expression -> TkParAbre expression TkParCierra .)
    TkMayorIgual    reduce using rule 29 (expression -> TkParAbre expression TkParCierra .)
    TkIgual         reduce using rule 29 (expression -> TkParAbre expression TkParCierra .)
    TkDesigualdad   reduce using rule 29 (expression -> TkParAbre expression TkParCierra .)
    TkConjuncion    reduce using rule 29 (expression -> TkParAbre expression TkParCierra .)
    TkDisyuncion    reduce using rule 29 (expression -> TkParAbre expression TkParCierra .)
    TkPunto         reduce using rule 29 (expression -> TkParAbre expression TkParCierra .)
    TkComa          reduce using rule 29 (expression -> TkParAbre expression TkParCierra .)
    TkParCierra     reduce using rule 29 (expression -> TkParAbre expression TkParCierra .)


state 114

    (32) statement -> TkWhile expression TkDosPuntos statement_list . TkEnd
    (38) statement_list -> statement_list . statement
    (30) statement -> . TkIf expression TkDosPuntos statement_list TkEnd
    (31) statement -> . TkIf expression TkDosPuntos statement_list TkElse statement_list TkEnd
    (32) statement -> . TkWhile expression TkDosPuntos statement_list TkEnd
    (40) statement -> . TkActivate var_list TkPunto
    (41) statement -> . TkDeactivate var_list TkPunto
    (42) statement -> . TkAdvance var_list TkPunto
    (43) statement -> . TkSend TkPunto
    (44) statement -> . TkRead TkPunto
    (45) statement -> . TkRead TkAs TkIdent TkPunto
    (46) statement -> . TkCollect TkPunto
    (47) statement -> . TkCollect TkAs TkIdent TkPunto
    (48) statement -> . TkDrop expression TkPunto
    (49) statement -> . TkLeft TkPunto
    (50) statement -> . TkRight TkPunto
    (51) statement -> . TkUp TkPunto
    (52) statement -> . TkDown TkPunto
    (53) statement -> . TkLeft expression TkPunto
    (54) statement -> . TkRight expression TkPunto
    (55) statement -> . TkUp expression TkPunto
    (56) statement -> . TkDown expression TkPunto
    (57) statement -> . TkStore expression TkPunto

    TkEnd           shift and go to state 128
    TkIf            shift and go to state 12
    TkWhile         shift and go to state 13
    TkActivate      shift and go to state 14
    TkDeactivate    shift and go to state 15
    TkAdvance       shift and go to state 16
    TkSend          shift and go to state 17
    TkRead          shift and go to state 18
    TkCollect       shift and go to state 19
    TkDrop          shift and go to state 20
    TkLeft          shift and go to state 21
    TkRight         shift and go to state 22
    TkUp            shift and go to state 23
    TkDown          shift and go to state 24
    TkStore         shift and go to state 25

    statement                      shift and go to state 30

state 115

    (58) var_list -> var_list TkComa expression .
    (14) expression -> expression . TkSuma expression
    (15) expression -> expression . TkResta expression
    (16) expression -> expression . TkMult expression
    (17) expression -> expression . TkDiv expression
    (18) expression -> expression . TkMod expression
    (19) expression -> expression . TkMenor expression
    (20) expression -> expression . TkMenorIgual expression
    (21) expression -> expression . TkMayor expression
    (22) expression -> expression . TkMayorIgual expression
    (23) expression -> expression . TkIgual expression
    (24) expression -> expression . TkDesigualdad expression
    (25) expression -> expression . TkConjuncion expression
    (26) expression -> expression . TkDisyuncion expression

    TkPunto         reduce using rule 58 (var_list -> var_list TkComa expression .)
    TkComa          reduce using rule 58 (var_list -> var_list TkComa expression .)
    TkSuma          shift and go to state 64
    TkResta         shift and go to state 65
    TkMult          shift and go to state 66
    TkDiv           shift and go to state 67
    TkMod           shift and go to state 68
    TkMenor         shift and go to state 69
    TkMenorIgual    shift and go to state 70
    TkMayor         shift and go to state 71
    TkMayorIgual    shift and go to state 72
    TkIgual         shift and go to state 73
    TkDesigualdad   shift and go to state 74
    TkConjuncion    shift and go to state 75
    TkDisyuncion    shift and go to state 76


state 116

    (45) statement -> TkRead TkAs TkIdent TkPunto .

    TkEnd           reduce using rule 45 (statement -> TkRead TkAs TkIdent TkPunto .)
    TkIf            reduce using rule 45 (statement -> TkRead TkAs TkIdent TkPunto .)
    TkWhile         reduce using rule 45 (statement -> TkRead TkAs TkIdent TkPunto .)
    TkActivate      reduce using rule 45 (statement -> TkRead TkAs TkIdent TkPunto .)
    TkDeactivate    reduce using rule 45 (statement -> TkRead TkAs TkIdent TkPunto .)
    TkAdvance       reduce using rule 45 (statement -> TkRead TkAs TkIdent TkPunto .)
    TkSend          reduce using rule 45 (statement -> TkRead TkAs TkIdent TkPunto .)
    TkRead          reduce using rule 45 (statement -> TkRead TkAs TkIdent TkPunto .)
    TkCollect       reduce using rule 45 (statement -> TkRead TkAs TkIdent TkPunto .)
    TkDrop          reduce using rule 45 (statement -> TkRead TkAs TkIdent TkPunto .)
    TkLeft          reduce using rule 45 (statement -> TkRead TkAs TkIdent TkPunto .)
    TkRight         reduce using rule 45 (statement -> TkRead TkAs TkIdent TkPunto .)
    TkUp            reduce using rule 45 (statement -> TkRead TkAs TkIdent TkPunto .)
    TkDown          reduce using rule 45 (statement -> TkRead TkAs TkIdent TkPunto .)
    TkStore         reduce using rule 45 (statement -> TkRead TkAs TkIdent TkPunto .)
    TkElse          reduce using rule 45 (statement -> TkRead TkAs TkIdent TkPunto .)


state 117

    (47) statement -> TkCollect TkAs TkIdent TkPunto .

    TkEnd           reduce using rule 47 (statement -> TkCollect TkAs TkIdent TkPunto .)
    TkIf            reduce using rule 47 (statement -> TkCollect TkAs TkIdent TkPunto .)
    TkWhile         reduce using rule 47 (statement -> TkCollect TkAs TkIdent TkPunto .)
    TkActivate      reduce using rule 47 (statement -> TkCollect TkAs TkIdent TkPunto .)
    TkDeactivate    reduce using rule 47 (statement -> TkCollect TkAs TkIdent TkPunto .)
    TkAdvance       reduce using rule 47 (statement -> TkCollect TkAs TkIdent TkPunto .)
    TkSend          reduce using rule 47 (statement -> TkCollect TkAs TkIdent TkPunto .)
    TkRead          reduce using rule 47 (statement -> TkCollect TkAs TkIdent TkPunto .)
    TkCollect       reduce using rule 47 (statement -> TkCollect TkAs TkIdent TkPunto .)
    TkDrop          reduce using rule 47 (statement -> TkCollect TkAs TkIdent TkPunto .)
    TkLeft          reduce using rule 47 (statement -> TkCollect TkAs TkIdent TkPunto .)
    TkRight         reduce using rule 47 (statement -> TkCollect TkAs TkIdent TkPunto .)
    TkUp            reduce using rule 47 (statement -> TkCollect TkAs TkIdent TkPunto .)
    TkDown          reduce using rule 47 (statement -> TkCollect TkAs TkIdent TkPunto .)
    TkStore         reduce using rule 47 (statement -> TkCollect TkAs TkIdent TkPunto .)
    TkElse          reduce using rule 47 (statement -> TkCollect TkAs TkIdent TkPunto .)


state 118

    (5) bot_def -> tipo TkBot var_id_list on_list TkEnd .

    TkExecute       reduce using rule 5 (bot_def -> tipo TkBot var_id_list on_list TkEnd .)
    TkInt           reduce using rule 5 (bot_def -> tipo TkBot var_id_list on_list TkEnd .)
    TkBool          reduce using rule 5 (bot_def -> tipo TkBot var_id_list on_list TkEnd .)
    TkChar          reduce using rule 5 (bot_def -> tipo TkBot var_id_list on_list TkEnd .)


state 119

    (12) on_list -> on_list statement_on .

    TkEnd           reduce using rule 12 (on_list -> on_list statement_on .)
    TkOn            reduce using rule 12 (on_list -> on_list statement_on .)


state 120

    (10) var_id_list -> var_id_list TkComa TkIdent .

    TkEnd           reduce using rule 10 (var_id_list -> var_id_list TkComa TkIdent .)
    TkComa          reduce using rule 10 (var_id_list -> var_id_list TkComa TkIdent .)
    TkOn            reduce using rule 10 (var_id_list -> var_id_list TkComa TkIdent .)


state 121

    (33) statement_on -> TkOn TkActivation . TkDosPuntos statement_list TkEnd

    TkDosPuntos     shift and go to state 129


state 122

    (34) statement_on -> TkOn TkDeactivation . TkDosPuntos statement_list TkEnd

    TkDosPuntos     shift and go to state 130


state 123

    (35) statement_on -> TkOn TkDeactivate . TkDosPuntos statement_list TkEnd

    TkDosPuntos     shift and go to state 131


state 124

    (36) statement_on -> TkOn expression . TkDosPuntos statement_list TkEnd
    (14) expression -> expression . TkSuma expression
    (15) expression -> expression . TkResta expression
    (16) expression -> expression . TkMult expression
    (17) expression -> expression . TkDiv expression
    (18) expression -> expression . TkMod expression
    (19) expression -> expression . TkMenor expression
    (20) expression -> expression . TkMenorIgual expression
    (21) expression -> expression . TkMayor expression
    (22) expression -> expression . TkMayorIgual expression
    (23) expression -> expression . TkIgual expression
    (24) expression -> expression . TkDesigualdad expression
    (25) expression -> expression . TkConjuncion expression
    (26) expression -> expression . TkDisyuncion expression

    TkDosPuntos     shift and go to state 132
    TkSuma          shift and go to state 64
    TkResta         shift and go to state 65
    TkMult          shift and go to state 66
    TkDiv           shift and go to state 67
    TkMod           shift and go to state 68
    TkMenor         shift and go to state 69
    TkMenorIgual    shift and go to state 70
    TkMayor         shift and go to state 71
    TkMayorIgual    shift and go to state 72
    TkIgual         shift and go to state 73
    TkDesigualdad   shift and go to state 74
    TkConjuncion    shift and go to state 75
    TkDisyuncion    shift and go to state 76


state 125

    (37) statement_on -> TkOn TkDefault . TkDosPuntos statement_list TkEnd

    TkDosPuntos     shift and go to state 133


state 126

    (30) statement -> TkIf expression TkDosPuntos statement_list TkEnd .

    TkEnd           reduce using rule 30 (statement -> TkIf expression TkDosPuntos statement_list TkEnd .)
    TkIf            reduce using rule 30 (statement -> TkIf expression TkDosPuntos statement_list TkEnd .)
    TkWhile         reduce using rule 30 (statement -> TkIf expression TkDosPuntos statement_list TkEnd .)
    TkActivate      reduce using rule 30 (statement -> TkIf expression TkDosPuntos statement_list TkEnd .)
    TkDeactivate    reduce using rule 30 (statement -> TkIf expression TkDosPuntos statement_list TkEnd .)
    TkAdvance       reduce using rule 30 (statement -> TkIf expression TkDosPuntos statement_list TkEnd .)
    TkSend          reduce using rule 30 (statement -> TkIf expression TkDosPuntos statement_list TkEnd .)
    TkRead          reduce using rule 30 (statement -> TkIf expression TkDosPuntos statement_list TkEnd .)
    TkCollect       reduce using rule 30 (statement -> TkIf expression TkDosPuntos statement_list TkEnd .)
    TkDrop          reduce using rule 30 (statement -> TkIf expression TkDosPuntos statement_list TkEnd .)
    TkLeft          reduce using rule 30 (statement -> TkIf expression TkDosPuntos statement_list TkEnd .)
    TkRight         reduce using rule 30 (statement -> TkIf expression TkDosPuntos statement_list TkEnd .)
    TkUp            reduce using rule 30 (statement -> TkIf expression TkDosPuntos statement_list TkEnd .)
    TkDown          reduce using rule 30 (statement -> TkIf expression TkDosPuntos statement_list TkEnd .)
    TkStore         reduce using rule 30 (statement -> TkIf expression TkDosPuntos statement_list TkEnd .)
    TkElse          reduce using rule 30 (statement -> TkIf expression TkDosPuntos statement_list TkEnd .)


state 127

    (31) statement -> TkIf expression TkDosPuntos statement_list TkElse . statement_list TkEnd
    (38) statement_list -> . statement_list statement
    (39) statement_list -> . statement
    (30) statement -> . TkIf expression TkDosPuntos statement_list TkEnd
    (31) statement -> . TkIf expression TkDosPuntos statement_list TkElse statement_list TkEnd
    (32) statement -> . TkWhile expression TkDosPuntos statement_list TkEnd
    (40) statement -> . TkActivate var_list TkPunto
    (41) statement -> . TkDeactivate var_list TkPunto
    (42) statement -> . TkAdvance var_list TkPunto
    (43) statement -> . TkSend TkPunto
    (44) statement -> . TkRead TkPunto
    (45) statement -> . TkRead TkAs TkIdent TkPunto
    (46) statement -> . TkCollect TkPunto
    (47) statement -> . TkCollect TkAs TkIdent TkPunto
    (48) statement -> . TkDrop expression TkPunto
    (49) statement -> . TkLeft TkPunto
    (50) statement -> . TkRight TkPunto
    (51) statement -> . TkUp TkPunto
    (52) statement -> . TkDown TkPunto
    (53) statement -> . TkLeft expression TkPunto
    (54) statement -> . TkRight expression TkPunto
    (55) statement -> . TkUp expression TkPunto
    (56) statement -> . TkDown expression TkPunto
    (57) statement -> . TkStore expression TkPunto

    TkIf            shift and go to state 12
    TkWhile         shift and go to state 13
    TkActivate      shift and go to state 14
    TkDeactivate    shift and go to state 15
    TkAdvance       shift and go to state 16
    TkSend          shift and go to state 17
    TkRead          shift and go to state 18
    TkCollect       shift and go to state 19
    TkDrop          shift and go to state 20
    TkLeft          shift and go to state 21
    TkRight         shift and go to state 22
    TkUp            shift and go to state 23
    TkDown          shift and go to state 24
    TkStore         shift and go to state 25

    statement_list                 shift and go to state 134
    statement                      shift and go to state 11

state 128

    (32) statement -> TkWhile expression TkDosPuntos statement_list TkEnd .

    TkEnd           reduce using rule 32 (statement -> TkWhile expression TkDosPuntos statement_list TkEnd .)
    TkIf            reduce using rule 32 (statement -> TkWhile expression TkDosPuntos statement_list TkEnd .)
    TkWhile         reduce using rule 32 (statement -> TkWhile expression TkDosPuntos statement_list TkEnd .)
    TkActivate      reduce using rule 32 (statement -> TkWhile expression TkDosPuntos statement_list TkEnd .)
    TkDeactivate    reduce using rule 32 (statement -> TkWhile expression TkDosPuntos statement_list TkEnd .)
    TkAdvance       reduce using rule 32 (statement -> TkWhile expression TkDosPuntos statement_list TkEnd .)
    TkSend          reduce using rule 32 (statement -> TkWhile expression TkDosPuntos statement_list TkEnd .)
    TkRead          reduce using rule 32 (statement -> TkWhile expression TkDosPuntos statement_list TkEnd .)
    TkCollect       reduce using rule 32 (statement -> TkWhile expression TkDosPuntos statement_list TkEnd .)
    TkDrop          reduce using rule 32 (statement -> TkWhile expression TkDosPuntos statement_list TkEnd .)
    TkLeft          reduce using rule 32 (statement -> TkWhile expression TkDosPuntos statement_list TkEnd .)
    TkRight         reduce using rule 32 (statement -> TkWhile expression TkDosPuntos statement_list TkEnd .)
    TkUp            reduce using rule 32 (statement -> TkWhile expression TkDosPuntos statement_list TkEnd .)
    TkDown          reduce using rule 32 (statement -> TkWhile expression TkDosPuntos statement_list TkEnd .)
    TkStore         reduce using rule 32 (statement -> TkWhile expression TkDosPuntos statement_list TkEnd .)
    TkElse          reduce using rule 32 (statement -> TkWhile expression TkDosPuntos statement_list TkEnd .)


state 129

    (33) statement_on -> TkOn TkActivation TkDosPuntos . statement_list TkEnd
    (38) statement_list -> . statement_list statement
    (39) statement_list -> . statement
    (30) statement -> . TkIf expression TkDosPuntos statement_list TkEnd
    (31) statement -> . TkIf expression TkDosPuntos statement_list TkElse statement_list TkEnd
    (32) statement -> . TkWhile expression TkDosPuntos statement_list TkEnd
    (40) statement -> . TkActivate var_list TkPunto
    (41) statement -> . TkDeactivate var_list TkPunto
    (42) statement -> . TkAdvance var_list TkPunto
    (43) statement -> . TkSend TkPunto
    (44) statement -> . TkRead TkPunto
    (45) statement -> . TkRead TkAs TkIdent TkPunto
    (46) statement -> . TkCollect TkPunto
    (47) statement -> . TkCollect TkAs TkIdent TkPunto
    (48) statement -> . TkDrop expression TkPunto
    (49) statement -> . TkLeft TkPunto
    (50) statement -> . TkRight TkPunto
    (51) statement -> . TkUp TkPunto
    (52) statement -> . TkDown TkPunto
    (53) statement -> . TkLeft expression TkPunto
    (54) statement -> . TkRight expression TkPunto
    (55) statement -> . TkUp expression TkPunto
    (56) statement -> . TkDown expression TkPunto
    (57) statement -> . TkStore expression TkPunto

    TkIf            shift and go to state 12
    TkWhile         shift and go to state 13
    TkActivate      shift and go to state 14
    TkDeactivate    shift and go to state 15
    TkAdvance       shift and go to state 16
    TkSend          shift and go to state 17
    TkRead          shift and go to state 18
    TkCollect       shift and go to state 19
    TkDrop          shift and go to state 20
    TkLeft          shift and go to state 21
    TkRight         shift and go to state 22
    TkUp            shift and go to state 23
    TkDown          shift and go to state 24
    TkStore         shift and go to state 25

    statement_list                 shift and go to state 135
    statement                      shift and go to state 11

state 130

    (34) statement_on -> TkOn TkDeactivation TkDosPuntos . statement_list TkEnd
    (38) statement_list -> . statement_list statement
    (39) statement_list -> . statement
    (30) statement -> . TkIf expression TkDosPuntos statement_list TkEnd
    (31) statement -> . TkIf expression TkDosPuntos statement_list TkElse statement_list TkEnd
    (32) statement -> . TkWhile expression TkDosPuntos statement_list TkEnd
    (40) statement -> . TkActivate var_list TkPunto
    (41) statement -> . TkDeactivate var_list TkPunto
    (42) statement -> . TkAdvance var_list TkPunto
    (43) statement -> . TkSend TkPunto
    (44) statement -> . TkRead TkPunto
    (45) statement -> . TkRead TkAs TkIdent TkPunto
    (46) statement -> . TkCollect TkPunto
    (47) statement -> . TkCollect TkAs TkIdent TkPunto
    (48) statement -> . TkDrop expression TkPunto
    (49) statement -> . TkLeft TkPunto
    (50) statement -> . TkRight TkPunto
    (51) statement -> . TkUp TkPunto
    (52) statement -> . TkDown TkPunto
    (53) statement -> . TkLeft expression TkPunto
    (54) statement -> . TkRight expression TkPunto
    (55) statement -> . TkUp expression TkPunto
    (56) statement -> . TkDown expression TkPunto
    (57) statement -> . TkStore expression TkPunto

    TkIf            shift and go to state 12
    TkWhile         shift and go to state 13
    TkActivate      shift and go to state 14
    TkDeactivate    shift and go to state 15
    TkAdvance       shift and go to state 16
    TkSend          shift and go to state 17
    TkRead          shift and go to state 18
    TkCollect       shift and go to state 19
    TkDrop          shift and go to state 20
    TkLeft          shift and go to state 21
    TkRight         shift and go to state 22
    TkUp            shift and go to state 23
    TkDown          shift and go to state 24
    TkStore         shift and go to state 25

    statement_list                 shift and go to state 136
    statement                      shift and go to state 11

state 131

    (35) statement_on -> TkOn TkDeactivate TkDosPuntos . statement_list TkEnd
    (38) statement_list -> . statement_list statement
    (39) statement_list -> . statement
    (30) statement -> . TkIf expression TkDosPuntos statement_list TkEnd
    (31) statement -> . TkIf expression TkDosPuntos statement_list TkElse statement_list TkEnd
    (32) statement -> . TkWhile expression TkDosPuntos statement_list TkEnd
    (40) statement -> . TkActivate var_list TkPunto
    (41) statement -> . TkDeactivate var_list TkPunto
    (42) statement -> . TkAdvance var_list TkPunto
    (43) statement -> . TkSend TkPunto
    (44) statement -> . TkRead TkPunto
    (45) statement -> . TkRead TkAs TkIdent TkPunto
    (46) statement -> . TkCollect TkPunto
    (47) statement -> . TkCollect TkAs TkIdent TkPunto
    (48) statement -> . TkDrop expression TkPunto
    (49) statement -> . TkLeft TkPunto
    (50) statement -> . TkRight TkPunto
    (51) statement -> . TkUp TkPunto
    (52) statement -> . TkDown TkPunto
    (53) statement -> . TkLeft expression TkPunto
    (54) statement -> . TkRight expression TkPunto
    (55) statement -> . TkUp expression TkPunto
    (56) statement -> . TkDown expression TkPunto
    (57) statement -> . TkStore expression TkPunto

    TkIf            shift and go to state 12
    TkWhile         shift and go to state 13
    TkActivate      shift and go to state 14
    TkDeactivate    shift and go to state 15
    TkAdvance       shift and go to state 16
    TkSend          shift and go to state 17
    TkRead          shift and go to state 18
    TkCollect       shift and go to state 19
    TkDrop          shift and go to state 20
    TkLeft          shift and go to state 21
    TkRight         shift and go to state 22
    TkUp            shift and go to state 23
    TkDown          shift and go to state 24
    TkStore         shift and go to state 25

    statement_list                 shift and go to state 137
    statement                      shift and go to state 11

state 132

    (36) statement_on -> TkOn expression TkDosPuntos . statement_list TkEnd
    (38) statement_list -> . statement_list statement
    (39) statement_list -> . statement
    (30) statement -> . TkIf expression TkDosPuntos statement_list TkEnd
    (31) statement -> . TkIf expression TkDosPuntos statement_list TkElse statement_list TkEnd
    (32) statement -> . TkWhile expression TkDosPuntos statement_list TkEnd
    (40) statement -> . TkActivate var_list TkPunto
    (41) statement -> . TkDeactivate var_list TkPunto
    (42) statement -> . TkAdvance var_list TkPunto
    (43) statement -> . TkSend TkPunto
    (44) statement -> . TkRead TkPunto
    (45) statement -> . TkRead TkAs TkIdent TkPunto
    (46) statement -> . TkCollect TkPunto
    (47) statement -> . TkCollect TkAs TkIdent TkPunto
    (48) statement -> . TkDrop expression TkPunto
    (49) statement -> . TkLeft TkPunto
    (50) statement -> . TkRight TkPunto
    (51) statement -> . TkUp TkPunto
    (52) statement -> . TkDown TkPunto
    (53) statement -> . TkLeft expression TkPunto
    (54) statement -> . TkRight expression TkPunto
    (55) statement -> . TkUp expression TkPunto
    (56) statement -> . TkDown expression TkPunto
    (57) statement -> . TkStore expression TkPunto

    TkIf            shift and go to state 12
    TkWhile         shift and go to state 13
    TkActivate      shift and go to state 14
    TkDeactivate    shift and go to state 15
    TkAdvance       shift and go to state 16
    TkSend          shift and go to state 17
    TkRead          shift and go to state 18
    TkCollect       shift and go to state 19
    TkDrop          shift and go to state 20
    TkLeft          shift and go to state 21
    TkRight         shift and go to state 22
    TkUp            shift and go to state 23
    TkDown          shift and go to state 24
    TkStore         shift and go to state 25

    statement_list                 shift and go to state 138
    statement                      shift and go to state 11

state 133

    (37) statement_on -> TkOn TkDefault TkDosPuntos . statement_list TkEnd
    (38) statement_list -> . statement_list statement
    (39) statement_list -> . statement
    (30) statement -> . TkIf expression TkDosPuntos statement_list TkEnd
    (31) statement -> . TkIf expression TkDosPuntos statement_list TkElse statement_list TkEnd
    (32) statement -> . TkWhile expression TkDosPuntos statement_list TkEnd
    (40) statement -> . TkActivate var_list TkPunto
    (41) statement -> . TkDeactivate var_list TkPunto
    (42) statement -> . TkAdvance var_list TkPunto
    (43) statement -> . TkSend TkPunto
    (44) statement -> . TkRead TkPunto
    (45) statement -> . TkRead TkAs TkIdent TkPunto
    (46) statement -> . TkCollect TkPunto
    (47) statement -> . TkCollect TkAs TkIdent TkPunto
    (48) statement -> . TkDrop expression TkPunto
    (49) statement -> . TkLeft TkPunto
    (50) statement -> . TkRight TkPunto
    (51) statement -> . TkUp TkPunto
    (52) statement -> . TkDown TkPunto
    (53) statement -> . TkLeft expression TkPunto
    (54) statement -> . TkRight expression TkPunto
    (55) statement -> . TkUp expression TkPunto
    (56) statement -> . TkDown expression TkPunto
    (57) statement -> . TkStore expression TkPunto

    TkIf            shift and go to state 12
    TkWhile         shift and go to state 13
    TkActivate      shift and go to state 14
    TkDeactivate    shift and go to state 15
    TkAdvance       shift and go to state 16
    TkSend          shift and go to state 17
    TkRead          shift and go to state 18
    TkCollect       shift and go to state 19
    TkDrop          shift and go to state 20
    TkLeft          shift and go to state 21
    TkRight         shift and go to state 22
    TkUp            shift and go to state 23
    TkDown          shift and go to state 24
    TkStore         shift and go to state 25

    statement_list                 shift and go to state 139
    statement                      shift and go to state 11

state 134

    (31) statement -> TkIf expression TkDosPuntos statement_list TkElse statement_list . TkEnd
    (38) statement_list -> statement_list . statement
    (30) statement -> . TkIf expression TkDosPuntos statement_list TkEnd
    (31) statement -> . TkIf expression TkDosPuntos statement_list TkElse statement_list TkEnd
    (32) statement -> . TkWhile expression TkDosPuntos statement_list TkEnd
    (40) statement -> . TkActivate var_list TkPunto
    (41) statement -> . TkDeactivate var_list TkPunto
    (42) statement -> . TkAdvance var_list TkPunto
    (43) statement -> . TkSend TkPunto
    (44) statement -> . TkRead TkPunto
    (45) statement -> . TkRead TkAs TkIdent TkPunto
    (46) statement -> . TkCollect TkPunto
    (47) statement -> . TkCollect TkAs TkIdent TkPunto
    (48) statement -> . TkDrop expression TkPunto
    (49) statement -> . TkLeft TkPunto
    (50) statement -> . TkRight TkPunto
    (51) statement -> . TkUp TkPunto
    (52) statement -> . TkDown TkPunto
    (53) statement -> . TkLeft expression TkPunto
    (54) statement -> . TkRight expression TkPunto
    (55) statement -> . TkUp expression TkPunto
    (56) statement -> . TkDown expression TkPunto
    (57) statement -> . TkStore expression TkPunto

    TkEnd           shift and go to state 140
    TkIf            shift and go to state 12
    TkWhile         shift and go to state 13
    TkActivate      shift and go to state 14
    TkDeactivate    shift and go to state 15
    TkAdvance       shift and go to state 16
    TkSend          shift and go to state 17
    TkRead          shift and go to state 18
    TkCollect       shift and go to state 19
    TkDrop          shift and go to state 20
    TkLeft          shift and go to state 21
    TkRight         shift and go to state 22
    TkUp            shift and go to state 23
    TkDown          shift and go to state 24
    TkStore         shift and go to state 25

    statement                      shift and go to state 30

state 135

    (33) statement_on -> TkOn TkActivation TkDosPuntos statement_list . TkEnd
    (38) statement_list -> statement_list . statement
    (30) statement -> . TkIf expression TkDosPuntos statement_list TkEnd
    (31) statement -> . TkIf expression TkDosPuntos statement_list TkElse statement_list TkEnd
    (32) statement -> . TkWhile expression TkDosPuntos statement_list TkEnd
    (40) statement -> . TkActivate var_list TkPunto
    (41) statement -> . TkDeactivate var_list TkPunto
    (42) statement -> . TkAdvance var_list TkPunto
    (43) statement -> . TkSend TkPunto
    (44) statement -> . TkRead TkPunto
    (45) statement -> . TkRead TkAs TkIdent TkPunto
    (46) statement -> . TkCollect TkPunto
    (47) statement -> . TkCollect TkAs TkIdent TkPunto
    (48) statement -> . TkDrop expression TkPunto
    (49) statement -> . TkLeft TkPunto
    (50) statement -> . TkRight TkPunto
    (51) statement -> . TkUp TkPunto
    (52) statement -> . TkDown TkPunto
    (53) statement -> . TkLeft expression TkPunto
    (54) statement -> . TkRight expression TkPunto
    (55) statement -> . TkUp expression TkPunto
    (56) statement -> . TkDown expression TkPunto
    (57) statement -> . TkStore expression TkPunto

    TkEnd           shift and go to state 141
    TkIf            shift and go to state 12
    TkWhile         shift and go to state 13
    TkActivate      shift and go to state 14
    TkDeactivate    shift and go to state 15
    TkAdvance       shift and go to state 16
    TkSend          shift and go to state 17
    TkRead          shift and go to state 18
    TkCollect       shift and go to state 19
    TkDrop          shift and go to state 20
    TkLeft          shift and go to state 21
    TkRight         shift and go to state 22
    TkUp            shift and go to state 23
    TkDown          shift and go to state 24
    TkStore         shift and go to state 25

    statement                      shift and go to state 30

state 136

    (34) statement_on -> TkOn TkDeactivation TkDosPuntos statement_list . TkEnd
    (38) statement_list -> statement_list . statement
    (30) statement -> . TkIf expression TkDosPuntos statement_list TkEnd
    (31) statement -> . TkIf expression TkDosPuntos statement_list TkElse statement_list TkEnd
    (32) statement -> . TkWhile expression TkDosPuntos statement_list TkEnd
    (40) statement -> . TkActivate var_list TkPunto
    (41) statement -> . TkDeactivate var_list TkPunto
    (42) statement -> . TkAdvance var_list TkPunto
    (43) statement -> . TkSend TkPunto
    (44) statement -> . TkRead TkPunto
    (45) statement -> . TkRead TkAs TkIdent TkPunto
    (46) statement -> . TkCollect TkPunto
    (47) statement -> . TkCollect TkAs TkIdent TkPunto
    (48) statement -> . TkDrop expression TkPunto
    (49) statement -> . TkLeft TkPunto
    (50) statement -> . TkRight TkPunto
    (51) statement -> . TkUp TkPunto
    (52) statement -> . TkDown TkPunto
    (53) statement -> . TkLeft expression TkPunto
    (54) statement -> . TkRight expression TkPunto
    (55) statement -> . TkUp expression TkPunto
    (56) statement -> . TkDown expression TkPunto
    (57) statement -> . TkStore expression TkPunto

    TkEnd           shift and go to state 142
    TkIf            shift and go to state 12
    TkWhile         shift and go to state 13
    TkActivate      shift and go to state 14
    TkDeactivate    shift and go to state 15
    TkAdvance       shift and go to state 16
    TkSend          shift and go to state 17
    TkRead          shift and go to state 18
    TkCollect       shift and go to state 19
    TkDrop          shift and go to state 20
    TkLeft          shift and go to state 21
    TkRight         shift and go to state 22
    TkUp            shift and go to state 23
    TkDown          shift and go to state 24
    TkStore         shift and go to state 25

    statement                      shift and go to state 30

state 137

    (35) statement_on -> TkOn TkDeactivate TkDosPuntos statement_list . TkEnd
    (38) statement_list -> statement_list . statement
    (30) statement -> . TkIf expression TkDosPuntos statement_list TkEnd
    (31) statement -> . TkIf expression TkDosPuntos statement_list TkElse statement_list TkEnd
    (32) statement -> . TkWhile expression TkDosPuntos statement_list TkEnd
    (40) statement -> . TkActivate var_list TkPunto
    (41) statement -> . TkDeactivate var_list TkPunto
    (42) statement -> . TkAdvance var_list TkPunto
    (43) statement -> . TkSend TkPunto
    (44) statement -> . TkRead TkPunto
    (45) statement -> . TkRead TkAs TkIdent TkPunto
    (46) statement -> . TkCollect TkPunto
    (47) statement -> . TkCollect TkAs TkIdent TkPunto
    (48) statement -> . TkDrop expression TkPunto
    (49) statement -> . TkLeft TkPunto
    (50) statement -> . TkRight TkPunto
    (51) statement -> . TkUp TkPunto
    (52) statement -> . TkDown TkPunto
    (53) statement -> . TkLeft expression TkPunto
    (54) statement -> . TkRight expression TkPunto
    (55) statement -> . TkUp expression TkPunto
    (56) statement -> . TkDown expression TkPunto
    (57) statement -> . TkStore expression TkPunto

    TkEnd           shift and go to state 143
    TkIf            shift and go to state 12
    TkWhile         shift and go to state 13
    TkActivate      shift and go to state 14
    TkDeactivate    shift and go to state 15
    TkAdvance       shift and go to state 16
    TkSend          shift and go to state 17
    TkRead          shift and go to state 18
    TkCollect       shift and go to state 19
    TkDrop          shift and go to state 20
    TkLeft          shift and go to state 21
    TkRight         shift and go to state 22
    TkUp            shift and go to state 23
    TkDown          shift and go to state 24
    TkStore         shift and go to state 25

    statement                      shift and go to state 30

state 138

    (36) statement_on -> TkOn expression TkDosPuntos statement_list . TkEnd
    (38) statement_list -> statement_list . statement
    (30) statement -> . TkIf expression TkDosPuntos statement_list TkEnd
    (31) statement -> . TkIf expression TkDosPuntos statement_list TkElse statement_list TkEnd
    (32) statement -> . TkWhile expression TkDosPuntos statement_list TkEnd
    (40) statement -> . TkActivate var_list TkPunto
    (41) statement -> . TkDeactivate var_list TkPunto
    (42) statement -> . TkAdvance var_list TkPunto
    (43) statement -> . TkSend TkPunto
    (44) statement -> . TkRead TkPunto
    (45) statement -> . TkRead TkAs TkIdent TkPunto
    (46) statement -> . TkCollect TkPunto
    (47) statement -> . TkCollect TkAs TkIdent TkPunto
    (48) statement -> . TkDrop expression TkPunto
    (49) statement -> . TkLeft TkPunto
    (50) statement -> . TkRight TkPunto
    (51) statement -> . TkUp TkPunto
    (52) statement -> . TkDown TkPunto
    (53) statement -> . TkLeft expression TkPunto
    (54) statement -> . TkRight expression TkPunto
    (55) statement -> . TkUp expression TkPunto
    (56) statement -> . TkDown expression TkPunto
    (57) statement -> . TkStore expression TkPunto

    TkEnd           shift and go to state 144
    TkIf            shift and go to state 12
    TkWhile         shift and go to state 13
    TkActivate      shift and go to state 14
    TkDeactivate    shift and go to state 15
    TkAdvance       shift and go to state 16
    TkSend          shift and go to state 17
    TkRead          shift and go to state 18
    TkCollect       shift and go to state 19
    TkDrop          shift and go to state 20
    TkLeft          shift and go to state 21
    TkRight         shift and go to state 22
    TkUp            shift and go to state 23
    TkDown          shift and go to state 24
    TkStore         shift and go to state 25

    statement                      shift and go to state 30

state 139

    (37) statement_on -> TkOn TkDefault TkDosPuntos statement_list . TkEnd
    (38) statement_list -> statement_list . statement
    (30) statement -> . TkIf expression TkDosPuntos statement_list TkEnd
    (31) statement -> . TkIf expression TkDosPuntos statement_list TkElse statement_list TkEnd
    (32) statement -> . TkWhile expression TkDosPuntos statement_list TkEnd
    (40) statement -> . TkActivate var_list TkPunto
    (41) statement -> . TkDeactivate var_list TkPunto
    (42) statement -> . TkAdvance var_list TkPunto
    (43) statement -> . TkSend TkPunto
    (44) statement -> . TkRead TkPunto
    (45) statement -> . TkRead TkAs TkIdent TkPunto
    (46) statement -> . TkCollect TkPunto
    (47) statement -> . TkCollect TkAs TkIdent TkPunto
    (48) statement -> . TkDrop expression TkPunto
    (49) statement -> . TkLeft TkPunto
    (50) statement -> . TkRight TkPunto
    (51) statement -> . TkUp TkPunto
    (52) statement -> . TkDown TkPunto
    (53) statement -> . TkLeft expression TkPunto
    (54) statement -> . TkRight expression TkPunto
    (55) statement -> . TkUp expression TkPunto
    (56) statement -> . TkDown expression TkPunto
    (57) statement -> . TkStore expression TkPunto

    TkEnd           shift and go to state 145
    TkIf            shift and go to state 12
    TkWhile         shift and go to state 13
    TkActivate      shift and go to state 14
    TkDeactivate    shift and go to state 15
    TkAdvance       shift and go to state 16
    TkSend          shift and go to state 17
    TkRead          shift and go to state 18
    TkCollect       shift and go to state 19
    TkDrop          shift and go to state 20
    TkLeft          shift and go to state 21
    TkRight         shift and go to state 22
    TkUp            shift and go to state 23
    TkDown          shift and go to state 24
    TkStore         shift and go to state 25

    statement                      shift and go to state 30

state 140

    (31) statement -> TkIf expression TkDosPuntos statement_list TkElse statement_list TkEnd .

    TkEnd           reduce using rule 31 (statement -> TkIf expression TkDosPuntos statement_list TkElse statement_list TkEnd .)
    TkIf            reduce using rule 31 (statement -> TkIf expression TkDosPuntos statement_list TkElse statement_list TkEnd .)
    TkWhile         reduce using rule 31 (statement -> TkIf expression TkDosPuntos statement_list TkElse statement_list TkEnd .)
    TkActivate      reduce using rule 31 (statement -> TkIf expression TkDosPuntos statement_list TkElse statement_list TkEnd .)
    TkDeactivate    reduce using rule 31 (statement -> TkIf expression TkDosPuntos statement_list TkElse statement_list TkEnd .)
    TkAdvance       reduce using rule 31 (statement -> TkIf expression TkDosPuntos statement_list TkElse statement_list TkEnd .)
    TkSend          reduce using rule 31 (statement -> TkIf expression TkDosPuntos statement_list TkElse statement_list TkEnd .)
    TkRead          reduce using rule 31 (statement -> TkIf expression TkDosPuntos statement_list TkElse statement_list TkEnd .)
    TkCollect       reduce using rule 31 (statement -> TkIf expression TkDosPuntos statement_list TkElse statement_list TkEnd .)
    TkDrop          reduce using rule 31 (statement -> TkIf expression TkDosPuntos statement_list TkElse statement_list TkEnd .)
    TkLeft          reduce using rule 31 (statement -> TkIf expression TkDosPuntos statement_list TkElse statement_list TkEnd .)
    TkRight         reduce using rule 31 (statement -> TkIf expression TkDosPuntos statement_list TkElse statement_list TkEnd .)
    TkUp            reduce using rule 31 (statement -> TkIf expression TkDosPuntos statement_list TkElse statement_list TkEnd .)
    TkDown          reduce using rule 31 (statement -> TkIf expression TkDosPuntos statement_list TkElse statement_list TkEnd .)
    TkStore         reduce using rule 31 (statement -> TkIf expression TkDosPuntos statement_list TkElse statement_list TkEnd .)
    TkElse          reduce using rule 31 (statement -> TkIf expression TkDosPuntos statement_list TkElse statement_list TkEnd .)


state 141

    (33) statement_on -> TkOn TkActivation TkDosPuntos statement_list TkEnd .

    TkEnd           reduce using rule 33 (statement_on -> TkOn TkActivation TkDosPuntos statement_list TkEnd .)
    TkOn            reduce using rule 33 (statement_on -> TkOn TkActivation TkDosPuntos statement_list TkEnd .)


state 142

    (34) statement_on -> TkOn TkDeactivation TkDosPuntos statement_list TkEnd .

    TkEnd           reduce using rule 34 (statement_on -> TkOn TkDeactivation TkDosPuntos statement_list TkEnd .)
    TkOn            reduce using rule 34 (statement_on -> TkOn TkDeactivation TkDosPuntos statement_list TkEnd .)


state 143

    (35) statement_on -> TkOn TkDeactivate TkDosPuntos statement_list TkEnd .

    TkEnd           reduce using rule 35 (statement_on -> TkOn TkDeactivate TkDosPuntos statement_list TkEnd .)
    TkOn            reduce using rule 35 (statement_on -> TkOn TkDeactivate TkDosPuntos statement_list TkEnd .)


state 144

    (36) statement_on -> TkOn expression TkDosPuntos statement_list TkEnd .

    TkEnd           reduce using rule 36 (statement_on -> TkOn expression TkDosPuntos statement_list TkEnd .)
    TkOn            reduce using rule 36 (statement_on -> TkOn expression TkDosPuntos statement_list TkEnd .)


state 145

    (37) statement_on -> TkOn TkDefault TkDosPuntos statement_list TkEnd .

    TkEnd           reduce using rule 37 (statement_on -> TkOn TkDefault TkDosPuntos statement_list TkEnd .)
    TkOn            reduce using rule 37 (statement_on -> TkOn TkDefault TkDosPuntos statement_list TkEnd .)

